Name,Brand,Sub Brand,Size,Thickness,Type,Selling Price,SP UoM,Market Price,MP UoM,Metakeywords
GreenPly Plywood Ecotec MR Plywood 6mm - 8x4,GreenPly,Ecotec,8x4,6mm,MR,1330.36,sheet,41.50,sheet,"[""greenplai"", ""greenpli"", ""grinply"", ""grenply"", ""grenplai"", ""ekotech"", ""ekotack"", ""ecotek"", ""akotec"", ""m r"", ""emer"", ""ar"", ""6 mm"", ""6mm"", ""six mm"", ""8x4"", ""8 x 4"", ""8ft by 4ft"", ""8feet4feet"", ""8by4""]"
GreenPly Plywood Ecotec MR Plywood 9mm - 8x4,GreenPly,Ecotec,8x4,9mm,MR,1609.42,sheet,50.20,sheet,"[""greenplai"", ""greenpli"", ""grinply"", ""grenply"", ""grenplai"", ""ekotech"", ""ekotack"", ""ecotek"", ""akotec"", ""m r"", ""emer"", ""ar"", ""9 mm"", ""9mm"", ""nine mm"", ""8x4"", ""8 x 4"", ""8ft by 4ft"", ""8feet4feet"", ""8by4""]"
GreenPly Plywood Ecotec MR Plywood 12mm - 8x4,GreenPly,Ecotec,8x4,12mm,MR,1990.48,sheet,62.10,sheet,"[""greenplai"", ""greenpli"", ""grinply"", ""grenply"", ""grenplai"", ""ekotech"", ""ekotack"", ""ecotek"", ""akotec"", ""m r"", ""emer"", ""ar"", ""12 mm"", ""12mm"", ""twelve mm"", ""8x4"", ""8 x 4"", ""8ft by 4ft"", ""8feet4feet"", ""8by4""]"
GreenPly Plywood Ecotec MR Plywood 16mm - 8x4,GreenPly,Ecotec,8x4,16mm,MR,2301.49,sheet,71.80,sheet,"[""greenplai"", ""greenpli"", ""grinply"", ""grenply"", ""grenplai"", ""ekotech"", ""ekotack"", ""ecotek"", ""akotec"", ""m r"", ""emer"", ""ar"", ""16 mm"", ""16mm"", ""sixteen mm"", ""8x4"", ""8 x 4"", ""8ft by 4ft"", ""8feet4feet"", ""8by4""]"
GreenPly Plywood Ecotec MR Plywood 19mm - 8x4,GreenPly,Ecotec,8x4,19mm,MR,2722.90,sheet,85.00,sheet,"[""greenplai"", ""greenpli"", ""grinply"", ""grenply"", ""grenplai"", ""ekotech"", ""ekotack"", ""ecotek"", ""akotec"", ""m r"", ""emer"", ""ar"", ""19 mm"", ""19mm"", ""nineteen mm"", ""8x4"", ""8 x 4"", ""8ft by 4ft"", ""8feet4feet"", ""8by4""]"
GreenPly Plywood Ecotec MR Plywood 19mm (B/B) - 8x4,GreenPly,Ecotec,8x4,19mm (B/B),MR,2938.52,sheet,91.70,sheet,"[""greenplai"", ""greenpli"", ""grinply"", ""grenply"", ""grenplai"", ""ekotech"", ""ekotack"", ""ecotek"", ""akotec"", ""m r"", ""emer"", ""ar"", ""b b"", ""bb"", ""19 mm"", ""19mm"", ""8x4"", ""8 x 4"", ""8ft by 4ft"", ""8feet4feet"", ""8by4""]"
GreenPly Plywood Ecotec MR Plywood 25mm (B/B) - 8x4,GreenPly,Ecotec,8x4,25mm (B/B),MR,3864.39,sheet,120.60,sheet,"[""greenplai"", ""greenpli"", ""grinply"", ""grenply"", ""grenplai"", ""ekotech"", ""ekotack"", ""ecotek"", ""akotec"", ""m r"", ""emer"", ""ar"", ""b b"", ""bb"", ""25 mm"", ""25mm"", ""twentyfive mm"", ""8x4"", ""8 x 4""]"
GreenPly Plywood Ecotec BWP-710 Plywood 6mm - 8x4,GreenPly,Ecotec,8x4,6mm,-BWP 710.00,1756.40,sheet,54.80,sheet,"[""greenplai"", ""greenpli"", ""grinply"", ""grenply"", ""grenplai"", ""ekotech"", ""ekotack"", ""ecotek"", ""akotec"", ""bwp710"", ""bvp"", ""bp710"", ""6 mm"", ""6mm"", ""six mm"", ""8x4"", ""8 x 4"", ""8ft by 4ft"", ""8feet4feet"", ""8by4""]"
GreenPly Plywood Ecotec BWP-710 Plywood 9mm - 8x4,GreenPly,Ecotec,8x4,9mm,-BWP 710.00,2092.47,sheet,65.30,sheet,"[""greenplai"", ""greenpli"", ""grinply"", ""grenply"", ""grenplai"", ""ekotech"", ""ekotack"", ""ecotek"", ""akotec"", ""bwp710"", ""bvp"", ""bp710"", ""9 mm"", ""9mm"", ""nine mm"", ""8x4"", ""8 x 4"", ""8ft by 4ft"", ""8feet4feet"", ""8by4""]"
GreenPly Plywood Ecotec BWP-710 Plywood 12mm - 8x4,GreenPly,Ecotec,8x4,12mm,-BWP 710.00,2489.37,sheet,77.70,sheet,"[""greenplai"", ""greenpli"", ""grinply"", ""grenply"", ""grenplai"", ""ekotech"", ""ekotack"", ""ecotek"", ""akotec"", ""bwp710"", ""bvp"", ""bp710"", ""12 mm"", ""12mm"", ""twelve mm"", ""8x4"", ""8 x 4"", ""8ft by 4ft"", ""8feet4feet"", ""8by4""]"
GreenPly Plywood Ecotec BWP-710 Plywood 16mm - 8x4,GreenPly,Ecotec,8x4,16mm,-BWP 710.00,3277.59,sheet,102.30,sheet,"[""greenplai"", ""greenpli"", ""grinply"", ""grenply"", ""grenplai"", ""ekotech"", ""ekotack"", ""ecotek"", ""akotec"", ""bwp710"", ""bvp"", ""bp710"", ""16 mm"", ""16mm"", ""sixteen mm"", ""8x4"", ""8 x 4"", ""8ft by 4ft"", ""8feet4feet"", ""8by4""]"
GreenPly Plywood Ecotec BWP-710 Plywood 19mm - 8x4,GreenPly,Ecotec,8x4,19mm,-BWP 710.00,3558.53,sheet,111.10,sheet,"[""greenplai"", ""greenpli"", ""grinply"", ""grenply"", ""grenplai"", ""ekotech"", ""ekotack"", ""ecotek"", ""akotec"", ""bwp710"", ""bvp"", ""bp710"", ""19 mm"", ""19mm"", ""nineteen mm"", ""8x4"", ""8 x 4"", ""8ft by 4ft"", ""8feet4feet"", ""8by4""]"
GreenPly Plywood Ecotec BWP-710 Plywood 19mm (B/B) - 8x4,GreenPly,Ecotec,8x4,19mm (B/B),-BWP 710.00,3769.37,sheet,117.60,sheet,"[""greenplai"", ""greenpli"", ""grinply"", ""grenply"", ""grenplai"", ""ekotech"", ""ekotack"", ""ecotek"", ""akotec"", ""bwp710"", ""bvp"", ""bp710"", ""b b"", ""bb"", ""19 mm"", ""19mm"", ""8x4"", ""8 x 4"", ""8ft by 4ft"", ""8feet4feet"", ""8by4""]"
GreenPly Plywood Ecotec BWP-710 Plywood 25mm (B/B) - 8x4,GreenPly,Ecotec,8x4,25mm (B/B),-BWP 710.00,0.00,sheet,0.00,sheet,"[""greenplai"", ""greenpli"", ""grinply"", ""grenply"", ""grenplai"", ""ekotech"", ""ekotack"", ""ecotek"", ""akotec"", ""bwp710"", ""bvp"", ""bp710"", ""b b"", ""bb"", ""25 mm"", ""25mm"", ""twentyfive mm"", ""8x4"", ""8 x 4"", ""8ft by 4ft""]"
GreenPly Plywood Gold BWP-710 Plywood 6mm - 8x4,GreenPly,Gold,8x4,6mm,-BWP 710.00,2112.69,sheet,65.90,sheet,"[""greenplai"", ""greenpli"", ""grinply"", ""grenply"", ""grenplai"", ""golden"", ""golde"", ""goold"", ""goolde"", ""bwp710"", ""bvp"", ""bp710"", ""6 mm"", ""6mm"", ""six mm"", ""8x4"", ""8 x 4"", ""8ft by 4ft"", ""8feet4feet"", ""8by4""]"
GreenPly Plywood Gold BWP-710 Plywood 9mm - 8x4,GreenPly,Gold,8x4,9mm,-BWP 710.00,2506.72,sheet,78.20,sheet,"[""greenplai"", ""greenpli"", ""grinply"", ""grenply"", ""grenplai"", ""golden"", ""golde"", ""goold"", ""goolde"", ""bwp710"", ""bvp"", ""bp710"", ""9 mm"", ""9mm"", ""nine mm"", ""8x4"", ""8 x 4"", ""8ft by 4ft"", ""8feet4feet"", ""8by4""]"
GreenPly Plywood Gold BWP-710 Plywood 12mm - 8x4,GreenPly,Gold,8x4,12mm,-BWP 710.00,3102.04,sheet,96.80,sheet,"[""greenplai"", ""greenpli"", ""grinply"", ""grenply"", ""grenplai"", ""golden"", ""golde"", ""goold"", ""goolde"", ""bwp710"", ""bvp"", ""bp710"", ""12 mm"", ""12mm"", ""twelve mm"", ""8x4"", ""8 x 4"", ""8ft by 4ft"", ""8feet4feet"", ""8by4""]"
GreenPly Plywood Gold BWP-710 Plywood 16mm - 8x4,GreenPly,Gold,8x4,16mm,-BWP 710.00,3899.16,sheet,121.70,sheet,"[""greenplai"", ""greenpli"", ""grinply"", ""grenply"", ""grenplai"", ""golden"", ""golde"", ""goold"", ""goolde"", ""bwp710"", ""bvp"", ""bp710"", ""16 mm"", ""16mm"", ""sixteen mm"", ""8x4"", ""8 x 4"", ""8ft by 4ft"", ""8feet4feet"", ""8by4""]"
GreenPly Plywood Gold BWP-710 Plywood 19mm - 8x4,GreenPly,Gold,8x4,19mm,-BWP 710.00,4355.65,sheet,135.90,sheet,"[""greenplai"", ""greenpli"", ""grinply"", ""grenply"", ""grenplai"", ""golden"", ""golde"", ""goold"", ""goolde"", ""bwp710"", ""bvp"", ""bp710"", ""19 mm"", ""19mm"", ""nineteen mm"", ""8x4"", ""8 x 4"", ""8ft by 4ft"", ""8feet4feet"", ""8by4""]"
GreenPly Plywood Gold BWP-710 Plywood 19mm (B/B) - 8x4,GreenPly,Gold,8x4,19mm (B/B),-BWP 710.00,4347.66,sheet,135.70,sheet,"[""greenplai"", ""greenpli"", ""grinply"", ""grenply"", ""grenplai"", ""golden"", ""golde"", ""goold"", ""goolde"", ""bwp710"", ""bvp"", ""bp710"", ""b b"", ""bb"", ""19 mm"", ""19mm"", ""8x4"", ""8 x 4"", ""8ft by 4ft"", ""8feet4feet"", ""8by4""]"
GreenPly Plywood Gold BWP-710 Plywood 25mm (B/B) - 8x4,GreenPly,Gold,8x4,25mm (B/B),-BWP 710.00,5845.75,sheet,182.50,sheet,"[""greenplai"", ""greenpli"", ""grinply"", ""grenply"", ""grenplai"", ""golden"", ""golde"", ""goold"", ""goolde"", ""bwp710"", ""bvp"", ""bp710"", ""b b"", ""bb"", ""25 mm"", ""25mm"", ""twentyfive mm"", ""8x4"", ""8 x 4"", ""8feet4feet""]"
GreenPly Plywood Green MR Plywood 6mm - 8x4,GreenPly,Green,8x4,6mm,MR,1916.04,sheet,59.80,sheet,"[""greenplai"", ""greenpli"", ""grinply"", ""grenply"", ""grenplai"", ""greem"", ""greeen"", ""grian"", ""m r"", ""emer"", ""ar"", ""6 mm"", ""6mm"", ""six mm"", ""8x4"", ""8 x 4"", ""8ft by 4ft"", ""8feet4feet"", ""8by4""]"
GreenPly Plywood Green MR Plywood 9mm - 8x4,GreenPly,Green,8x4,9mm,MR,2238.81,sheet,69.90,sheet,"[""greenplai"", ""greenpli"", ""grinply"", ""grenply"", ""grenplai"", ""greem"", ""greeen"", ""grian"", ""m r"", ""emer"", ""ar"", ""9 mm"", ""9mm"", ""nine mm"", ""8x4"", ""8 x 4"", ""8ft by 4ft"", ""8feet4feet"", ""8by4""]"
GreenPly Plywood Green MR Plywood 12mm - 8x4,GreenPly,Green,8x4,12mm,MR,2800.10,sheet,87.40,sheet,"[""greenplai"", ""greenpli"", ""grinply"", ""grenply"", ""grenplai"", ""greem"", ""greeen"", ""grian"", ""m r"", ""emer"", ""ar"", ""12 mm"", ""12mm"", ""twelve mm"", ""8x4"", ""8 x 4"", ""8ft by 4ft"", ""8feet4feet"", ""8by4""]"
GreenPly Plywood Green MR Plywood 16mm - 8x4,GreenPly,Green,8x4,16mm,MR,3430.24,sheet,107.10,sheet,"[""greenpli"", ""grinply"", ""grenply"", ""grenplai"", ""greem"", ""greeen"", ""grian"", ""m r"", ""emer"", ""16 mm"", ""16mm"", ""sixteen mm"", ""8x4"", ""8 x 4"", ""8by4"", ""8by 4"", ""8 ft by 4 ft"", ""8feet4feet"", ""8feet x 4feet""]"
GreenPly Plywood Green MR Plywood 19mm - 8x4,GreenPly,Green,8x4,19mm,MR,3840.09,sheet,119.90,sheet,"[""greenpli"", ""grinply"", ""grenply"", ""grenplai"", ""greem"", ""greeen"", ""grian"", ""m r"", ""emer"", ""19 mm"", ""19mm"", ""ninteen mm"", ""8x4"", ""8 x 4"", ""8by4"", ""8 by 4"", ""8 ft x 4 ft"", ""8feet4feet"", ""eightbyfour""]"
GreenPly Plywood Green MR Plywood 19mm (B/B) - 8x4,GreenPly,Green,8x4,19mm (B/B),MR,4064.58,sheet,126.90,sheet,"[""greenpli"", ""grinply"", ""grenply"", ""grenplai"", ""greem"", ""greeen"", ""grian"", ""m r"", ""emer"", ""b b"", ""bb"", ""19 mm"", ""19mm"", ""ninteen mm"", ""8x4"", ""8 x 4"", ""8 by 4"", ""8feet4feet"", ""eight by four"", ""eightfeetfourfeet""]"
GreenPly Plywood Green MR Plywood 25mm (B/B) - 8x4,GreenPly,Green,8x4,25mm (B/B),MR,0.00,sheet,0.00,sheet,"[""greenpli"", ""grinply"", ""grenply"", ""grenplai"", ""greem"", ""greeen"", ""grian"", ""m r"", ""emer"", ""b b"", ""bb"", ""25 mm"", ""25mm"", ""twentyfive mm"", ""8x4"", ""8 x 4"", ""8ft x 4ft"", ""8feet4feet"", ""eight x four"", ""8 by 4""]"
CenturyPly Plywood WIN MR Plywood 6mm - 8x4,CenturyPly,WIN,8x4,6mm,MR,1733.59,sheet,54.10,sheet,"[""senturiply"", ""sentryply"", ""centuriply"", ""win"", ""veen"", ""wen"", ""m r"", ""emer"", ""6 mm"", ""6mm"", ""six mm"", ""8x4"", ""8 x 4"", ""8 x4"", ""8by4"", ""8 by 4"", ""eight by four"", ""8 ft x 4 ft"", ""8feet4feet"", ""8feet x 4feet""]"
CenturyPly Plywood WIN MR Plywood 9mm - 8x4,CenturyPly,WIN,8x4,9mm,MR,2153.00,sheet,67.20,sheet,"[""senturiply"", ""sentryply"", ""centuriply"", ""win"", ""veen"", ""wen"", ""m r"", ""emer"", ""9 mm"", ""9mm"", ""nine mm"", ""8x4"", ""8 x 4"", ""8x 4"", ""8by4"", ""8 by 4"", ""eight by four"", ""8feet4feet"", ""8feet x 4feet"", ""eightfeetfour""]"
CenturyPly Plywood WIN MR Plywood 12mm - 8x4,CenturyPly,WIN,8x4,12mm,MR,2725.57,sheet,85.10,sheet,"[""senturiply"", ""sentryply"", ""centuriply"", ""win"", ""veen"", ""wen"", ""m r"", ""emer"", ""12 mm"", ""12mm"", ""twele mm"", ""8x4"", ""8 x 4"", ""8 x4"", ""8by4"", ""8by 4"", ""8ft x 4ft"", ""eight x four"", ""eightfeet4feet"", ""8feet4feet""]"
CenturyPly Plywood WIN MR Plywood 16mm - 8x4,CenturyPly,WIN,8x4,16mm,MR,3406.21,sheet,106.30,sheet,"[""senturiply"", ""sentryply"", ""centuriply"", ""win"", ""veen"", ""wen"", ""m r"", ""emer"", ""16 mm"", ""16mm"", ""sixteen mm"", ""8x4"", ""8 x 4"", ""8x 4"", ""8by4"", ""8 ft x 4 ft"", ""eightbyfour"", ""8feet x 4feet"", ""8feet4feet"", ""eight feet four""]"
CenturyPly Plywood WIN MR Plywood 19mm - 8x4,CenturyPly,WIN,8x4,19mm,MR,3812.06,sheet,119.00,sheet,"[""senturiply"", ""sentryply"", ""centuriply"", ""win"", ""veen"", ""wen"", ""m r"", ""emer"", ""19 mm"", ""19mm"", ""ninteen mm"", ""8x4"", ""8 x 4"", ""8by4"", ""8by 4"", ""8 by 4"", ""eight x four"", ""8feet x 4feet"", ""eightfeet4feet"", ""8feet4feet""]"
CenturyPly Plywood WIN MR Plywood 19mm (B/B) - 8x4,CenturyPly,WIN,8x4,19mm (B/B),MR,3944.30,sheet,123.10,sheet,"[""senturiply"", ""sentryply"", ""centuriply"", ""win"", ""veen"", ""wen"", ""m r"", ""emer"", ""b b"", ""bb"", ""19 mm"", ""19mm"", ""ninteen mm"", ""8x4"", ""8 x 4"", ""8 by 4"", ""8by4"", ""eightfeet4feet"", ""eight x four"", ""eightfeetfour""]"
CenturyPly Plywood WIN MR Plywood 25mm (B/B) - 8x4,CenturyPly,WIN,8x4,25mm (B/B),MR,0.00,sheet,0.00,sheet,"[""senturiply"", ""sentryply"", ""centuriply"", ""win"", ""veen"", ""wen"", ""m r"", ""emer"", ""b b"", ""bb"", ""25 mm"", ""25mm"", ""twentyfive mm"", ""8x4"", ""8 x 4"", ""8ft x 4ft"", ""8 by 4"", ""eight x four"", ""eightfeet4feet"", ""8feet x 4feet""]"
CenturyPly Plywood SAINIK MR Plywood 6mm - 8x4,CenturyPly,SAINIK,8x4,6mm,MR,1325.99,sheet,41.40,sheet,"[""senturiply"", ""sentryply"", ""centuriply"", ""saanik"", ""saink"", ""saynik"", ""m r"", ""emer"", ""6 mm"", ""6mm"", ""six mm"", ""8x4"", ""8 x 4"", ""8 by 4"", ""eight x four"", ""eightfeet"", ""eightfeet4feet"", ""8feet4feet"", ""eightbyfour"", ""8 ft x 4 ft""]"
CenturyPly Plywood SAINIK MR Plywood 9mm - 8x4,CenturyPly,SAINIK,8x4,9mm,MR,1649.40,sheet,51.50,sheet,"[""senturiply"", ""sentryply"", ""centuriply"", ""saanik"", ""saink"", ""saynik"", ""m r"", ""emer"", ""9 mm"", ""9mm"", ""nine mm"", ""8x4"", ""8 x 4"", ""8by4"", ""eight by four"", ""eightfeet4feet"", ""8feet x 4feet"", ""8by 4"", ""8 ft x 4 ft"", ""eight feet four""]"
CenturyPly Plywood SAINIK MR Plywood 12mm - 8x4,CenturyPly,SAINIK,8x4,12mm,MR,1940.47,sheet,60.60,sheet,"[""senturiply"", ""sentryply"", ""centuriply"", ""saanik"", ""saink"", ""saynik"", ""m r"", ""emer"", ""12 mm"", ""12mm"", ""twele mm"", ""8x4"", ""8 x 4"", ""8 x4"", ""8 by 4"", ""8by4"", ""eightfeet4feet"", ""eight x four"", ""8feet x 4feet"", ""eightbyfour""]"
CenturyPly Plywood SAINIK MR Plywood 16mm OEM - 8x4,CenturyPly,SAINIK,8x4,16mm OEM,MR,2246.85,sheet,70.10,sheet,"[""senturiply"", ""sentryply"", ""centuriply"", ""saanik"", ""saink"", ""saynik"", ""m r"", ""emer"", ""16 mm"", ""16mm"", ""sixteen mm"", ""o e m"", ""om"", ""oem"", ""8x4"", ""8 x 4"", ""8by 4"", ""8 by 4"", ""8feet4feet"", ""eight x four""]"
CenturyPly Plywood SAINIK MR Plywood 19mm - 8x4,CenturyPly,SAINIK,8x4,19mm,MR,2708.97,sheet,84.50,sheet,"[""senturiply"", ""sentryply"", ""centuriply"", ""saanik"", ""saink"", ""saynik"", ""m r"", ""emer"", ""19 mm"", ""19mm"", ""ninteen mm"", ""8x4"", ""8 x 4"", ""8by4"", ""8 by 4"", ""eight x four"", ""eightfeet4feet"", ""8feet x 4feet"", ""eightfeetfour""]"
CenturyPly Plywood SAINIK MR Plywood 19mm (B/B) - 8x4,CenturyPly,SAINIK,8x4,19mm (B/B),MR,3250.29,sheet,101.40,sheet,"[""senturiply"", ""sentryply"", ""centuriply"", ""saanik"", ""saink"", ""saynik"", ""m r"", ""emer"", ""b b"", ""bb"", ""19 mm"", ""ninteen mm"", ""8x4"", ""8 x 4"", ""8 by 4"", ""8by4"", ""eightfeet4feet"", ""eight x four"", ""eightfeetfour"", ""eight by four""]"
CenturyPly Plywood SAINIK BWP-710 Plywood 6mm - 8x4,CenturyPly,SAINIK,8x4,6mm,-BWP 710.00,1568.55,sheet,49.00,sheet,"[""senturiply"", ""sentryply"", ""centuriply"", ""saanik"", ""saink"", ""saynik"", ""bwp"", ""b v p"", ""bup"", ""710"", ""six mm"", ""6 mm"", ""6mm"", ""8x4"", ""8 x 4"", ""eight x four"", ""8 by 4"", ""eightfeet4feet"", ""eightfeetfour""]"
CenturyPly Plywood SAINIK BWP-710 Plywood 9mm - 8x4,CenturyPly,SAINIK,8x4,9mm,-BWP 710.00,1908.13,sheet,59.60,sheet,"[""senturiply"", ""sentryply"", ""centuriply"", ""saanik"", ""saink"", ""saynik"", ""bwp"", ""bup"", ""710"", ""nine mm"", ""9 mm"", ""9mm"", ""8x4"", ""8 x 4"", ""eight x four"", ""8 by 4"", ""eightfeet4feet"", ""8feet x 4feet"", ""eightfeetfour""]"
CenturyPly Plywood SAINIK BWP-710 Plywood 12mm - 8x4,CenturyPly,SAINIK,8x4,12mm,-BWP 710.00,2425.59,sheet,75.70,sheet,"[""senturiply"", ""sentryply"", ""centuriply"", ""saanik"", ""saink"", ""saynik"", ""bwp"", ""b v p"", ""710"", ""twele mm"", ""12 mm"", ""12mm"", ""8x4"", ""8 x 4"", ""eight x four"", ""8 by 4"", ""eightfeet4feet"", ""eightfeetfour"", ""8feet x 4feet""]"
CenturyPly Plywood SAINIK BWP-710 Plywood 16mm - 8x4,CenturyPly,SAINIK,8x4,16mm,-BWP 710.00,2995.80,sheet,93.50,sheet,"[""senturiply"", ""sentryply"", ""centuriply"", ""saanik"", ""saink"", ""saynik"", ""bwp"", ""710"", ""sixteen mm"", ""16 mm"", ""16mm"", ""8x4"", ""8 x 4"", ""8by 4"", ""eightfeet4feet"", ""8feet x 4feet"", ""eight x four"", ""eightfeetfour"", ""eight by four""]"
CenturyPly Plywood SAINIK BWP-710 Plywood 19mm - 8x4,CenturyPly,SAINIK,8x4,19mm,-BWP 710.00,3505.72,sheet,109.40,sheet,"[""senturiply"", ""sentryply"", ""centuriply"", ""saanik"", ""saink"", ""saynik"", ""bwp"", ""bup"", ""710"", ""ninteen mm"", ""19 mm"", ""19mm"", ""8x4"", ""8 x 4"", ""eight x four"", ""eightfeet4feet"", ""8 by 4"", ""eightfeetfour"", ""8feet x 4feet""]"
CenturyPly Plywood SAINIK BWP-710 Plywood 19mm (B/B) - 8x4,CenturyPly,SAINIK,8x4,19mm (B/B),-BWP 710.00,3654.55,sheet,114.10,sheet,"[""senturiply"", ""sentryply"", ""centuriply"", ""saanik"", ""saink"", ""saynik"", ""bwp"", ""bup"", ""b b"", ""bb"", ""710"", ""19 mm"", ""ninteen mm"", ""8x4"", ""8 x 4"", ""8 by 4"", ""8by4"", ""eightfeet4feet"", ""eight x four"", ""eightfeetfour""]"
CenturyPly Plywood SAINIK BWP-710 Plywood 25mm (B/B) - 8x4,CenturyPly,SAINIK,8x4,25mm (B/B),-BWP 710.00,0.00,sheet,0.00,sheet,"[""senturiply"", ""sentryply"", ""centuriply"", ""saanik"", ""saink"", ""saynik"", ""bwp"", ""b v p"", ""710"", ""twentyfive mm"", ""25 mm"", ""25mm"", ""b b"", ""bb"", ""8x4"", ""8 x 4"", ""eightfeet4feet"", ""8 by 4"", ""eight x four"", ""eightfeetfour""]"
CenturyPly Plywood Club Prime BWP-710 Plywood 6mm - 8x4,CenturyPly,Club Prime,8x4,6mm,-BWP 710.00,2131.88,sheet,66.50,sheet,"[""senturiply"", ""sentryply"", ""centuriply"", ""club"", ""clab"", ""prime"", ""praim"", ""bwp"", ""710"", ""six mm"", ""6 mm"", ""6mm"", ""8x4"", ""8 x 4"", ""eight x four"", ""eightfeet4feet"", ""8feet x 4feet"", ""eight by four"", ""eightfeetfour"", ""8 by 4""]"
CenturyPly Plywood Club Prime BWP-710 Plywood 9mm - 8x4,CenturyPly,Club Prime,8x4,9mm,-BWP 710.00,2570.79,sheet,80.20,sheet,"[""senturiply"", ""sentryply"", ""centuriply"", ""club"", ""clab"", ""prime"", ""praim"", ""bwp"", ""710"", ""nine mm"", ""9 mm"", ""9mm"", ""8x4"", ""8 x 4"", ""8 by 4"", ""eightfeet4feet"", ""eight x four"", ""eightfeetfour"", ""8feet x 4feet"", ""eight by four""]"
CenturyPly Plywood Club Prime BWP-710 Plywood 12mm - 8x4,CenturyPly,Club Prime,8x4,12mm,-BWP 710.00,3244.84,sheet,101.30,sheet,"[""senturiply"", ""sentryply"", ""centuriply"", ""club"", ""clab"", ""prime"", ""praim"", ""bwp"", ""b v p"", ""710"", ""12 mm"", ""twele mm"", ""12mm"", ""8x4"", ""8 x 4"", ""eightfeet4feet"", ""8feet x 4feet"", ""eight x four"", ""eightfeetfour"", ""eight by four""]"
CenturyPly Plywood Club Prime BWP-710 Plywood 16mm - 8x4,CenturyPly,Club Prime,8x4,16mm,-BWP 710.00,4107.00,sheet,128.20,sheet,"[""senturiply"", ""sentryply"", ""centuriply"", ""club"", ""clab"", ""prime"", ""praim"", ""bwp"", ""710"", ""sixteen mm"", ""16 mm"", ""16mm"", ""8x4"", ""8 x 4"", ""eight x four"", ""8 by 4"", ""eightfeet4feet"", ""eightfeetfour"", ""8feet x 4feet""]"
CenturyPly Plywood Club Prime BWP-710 Plywood 19mm - 8x4,CenturyPly,Club Prime,8x4,19mm,-BWP 710.00,4545.92,sheet,141.90,sheet,"[""senturiply"", ""sentryply"", ""centuriply"", ""club"", ""clab"", ""prime"", ""praim"", ""bwp"", ""710"", ""ninteen mm"", ""19 mm"", ""19mm"", ""8x4"", ""8 x 4"", ""eight x four"", ""8 by 4"", ""eightfeet4feet"", ""8feet x 4feet"", ""eightfeetfour""]"
CenturyPly Plywood Club Prime BWP-710 Plywood 19mm (B/B) - 8x4,CenturyPly,Club Prime,8x4,19mm (B/B),-BWP 710.00,4749.70,sheet,148.20,sheet,"[""senturiply"", ""sentryply"", ""centuriply"", ""club"", ""clab"", ""prime"", ""praim"", ""bwp"", ""710"", ""ninteen mm"", ""19 mm"", ""19mm"", ""b b"", ""bb"", ""8x4"", ""8 x 4"", ""eight x four"", ""8 by 4"", ""eightfeet4feet"", ""eightfeetfour""]"
CenturyPly Plywood Club Prime BWP-710 Plywood 25mm (B/B) - 8x4,CenturyPly,Club Prime,8x4,25mm (B/B),-BWP 710.00,0.00,sheet,0.00,sheet,"[""senturiply"", ""sentryply"", ""centuriply"", ""club"", ""clab"", ""prime"", ""praim"", ""bwp"", ""bup"", ""710"", ""25 mm"", ""25mm"", ""twentyfive mm"", ""b b"", ""bb"", ""8x4"", ""8 x 4"", ""eight x four"", ""8 by 4"", ""eightfeet4feet"", ""eightfeetfour""]"
CenturyPly Plywood Architect Ply BWP-710 Plywood 4mm - 8x4,CenturyPly,Architect Ply,8x4,4mm,-BWP 710.00,0.00,sheet,0.00,sheet,"[""senturiply"", ""sentryply"", ""centuriply"", ""architec"", ""arkitekt"", ""archtect"", ""bwp"", ""bup"", ""710"", ""four mm"", ""4 mm"", ""4mm"", ""8x4"", ""8 x 4"", ""eight x four"", ""8 by 4"", ""eightfeet4feet"", ""8feet x 4feet"", ""eightfeetfour""]"
CenturyPly Plywood Architect Ply BWP-710 Plywood 6mm - 8x4,CenturyPly,Architect Ply,8x4,6mm,-BWP 710.00,2752.40,sheet,85.90,sheet,"[""senturiply"", ""sentryply"", ""centuriply"", ""architec"", ""arkitekt"", ""archtect"", ""bwp"", ""710"", ""six mm"", ""6 mm"", ""6mm"", ""8x4"", ""8 x 4"", ""eightfeet4feet"", ""8 by 4"", ""eight x four"", ""8feet x 4feet"", ""eightfeetfour""]"
CenturyPly Plywood Architect Ply BWP-710 Plywood 9mm - 8x4,CenturyPly,Architect Ply,8x4,9mm,-BWP 710.00,3216.66,sheet,100.40,sheet,"[""senturiply"", ""sentryply"", ""centuriply"", ""architec"", ""arkitekt"", ""archtect"", ""bwp"", ""710"", ""nine mm"", ""9 mm"", ""9mm"", ""8x4"", ""8 x 4"", ""eight x four"", ""8 by 4"", ""eightfeet4feet"", ""eightfeetfour"", ""8feet x 4feet""]"
CenturyPly Plywood Architect Ply BWP-710 Plywood 12mm - 8x4,CenturyPly,Architect Ply,8x4,12mm,-BWP 710.00,4145.18,sheet,129.40,sheet,"[""senturiply"", ""sentryply"", ""centuriply"", ""architec"", ""arkitekt"", ""archtect"", ""bwp"", ""b v p"", ""710"", ""twele mm"", ""12 mm"", ""12mm"", ""8x4"", ""8 x 4"", ""8 by 4"", ""eight x four"", ""eightfeet4feet"", ""8feet x 4feet"", ""eightfeetfour""]"
CenturyPly Plywood Architect Ply BWP-710 Plywood 16mm - 8x4,CenturyPly,Architect Ply,8x4,16mm,-BWP 710.00,0.00,sheet,0.00,sheet,"[""senturiply"", ""sentryply"", ""centuriply"", ""arkitekt"", ""architec"", ""archtect"", ""bwp"", ""b v p"", ""710"", ""sixteen mm"", ""16 mm"", ""16mm"", ""8x4"", ""8 x 4"", ""eight x four"", ""eightfeetfour"", ""8 by 4"", ""eightfeet4feet"", ""8feet x 4feet""]"
CenturyPly Plywood Architect Ply BWP-710 Plywood 19mm - 8x4,CenturyPly,Architect Ply,8x4,19mm,-BWP 710.00,5902.73,sheet,184.20,sheet,"[""senturiply"", ""sentryply"", ""centuriply"", ""arkitekt"", ""architec"", ""archtect"", ""bwp"", ""710"", ""ninteen mm"", ""19 mm"", ""19mm"", ""8x4"", ""8 x 4"", ""eightfeet4feet"", ""eight x four"", ""8feet x 4feet"", ""eightfeetfour"", ""8 by 4""]"
CenturyPly Plywood Architect Ply BWP-710 Plywood 25mm - 8x4,CenturyPly,Architect Ply,8x4,25mm,-BWP 710.00,0.00,sheet,0.00,sheet,"[""senturiply"", ""sentryply"", ""centuriply"", ""arkitekt"", ""architec"", ""archtect"", ""bwp"", ""bup"", ""710"", ""twentyfive mm"", ""25 mm"", ""25mm"", ""8x4"", ""8 x 4"", ""eight x four"", ""eightfeetfour"", ""8 by 4"", ""eightfeet4feet"", ""8feet x 4feet""]"
CenturyPly Plywood Architect Ply BWP-710 Plywood 19mm (B/B) - 8x4,CenturyPly,Architect Ply,8x4,19mm (B/B),-BWP 710.00,0.00,sheet,0.00,sheet,"[""senturiply"", ""sentryply"", ""centuriply"", ""arkitekt"", ""architec"", ""archtect"", ""bwp"", ""710"", ""19 mm"", ""ninteen mm"", ""b b"", ""bb"", ""8x4"", ""8 x 4"", ""8 by 4"", ""eightfeet4feet"", ""eight x four"", ""eightfeetfour"", ""8feet x 4feet""]"
CenturyPly Plywood Architect Ply BWP-710 Plywood 25mm (B/B) - 8x4,CenturyPly,Architect Ply,8x4,25mm (B/B),-BWP 710.00,0.00,sheet,0.00,sheet,"[""senturiply"", ""sentryply"", ""centuriply"", ""arkitekt"", ""architec"", ""archtect"", ""bwp"", ""710"", ""25 mm"", ""25mm"", ""b b"", ""bb"", ""8x4"", ""8 x 4"", ""eightfeet4feet"", ""eight x four"", ""eightfeetfour"", ""8 by 4"", ""8feet x 4feet""]"
GreenPly Plywood Absolute MR Plywood 16mm - 8x4,GreenPly,Absolute,8x4,16mm,MR,2715.72,sheet,84.80,sheet,"[""greenply"", ""grinply"", ""grenply"", ""absolut"", ""apsolute"", ""abslot"", ""m r"", ""emer"", ""sixteen mm"", ""16 mm"", ""16mm"", ""8x4"", ""8 x 4"", ""eightfeet4feet"", ""8 by 4"", ""eight x four"", ""eightfeetfour"", ""8feet x 4feet""]"
GreenPly Plywood Absolute BWP-710 Plywood 16mm - 8x4,GreenPly,Absolute,8x4,16mm,-BWP 710.00,3152.73,sheet,98.40,sheet,"[""greenply"", ""grinply"", ""grenply"", ""absolut"", ""apsolute"", ""abslot"", ""bwp"", ""b v p"", ""710"", ""sixteen mm"", ""16 mm"", ""16mm"", ""8x4"", ""8 x 4"", ""eightfeet4feet"", ""8 by 4"", ""eight x four"", ""eightfeetfour"", ""8feet x 4feet""]"
GreenPly Plywood Ecotec MR Plywood 6mm - 7x4,GreenPly,Ecotec,7x4,6mm,MR,1166.77,sheet,41.50,sheet,"[""greenply"", ""grinply"", ""grenply"", ""ekotech"", ""ekotake"", ""ikotek"", ""m r"", ""emer"", ""six mm"", ""6 mm"", ""6mm"", ""7x4"", ""7 x 4"", ""seven x four"", ""7 by 4"", ""sevenfeet4feet"", ""7feet x 4feet"", ""sevenfeetfour"", ""seven by four""]"
GreenPly Plywood Ecotec MR Plywood 9mm - 7x4,GreenPly,Ecotec,7x4,9mm,MR,1411.51,sheet,50.20,sheet,"[""greenply"", ""grinply"", ""grenply"", ""ekotech"", ""ekotake"", ""ikotek"", ""m r"", ""emer"", ""nine mm"", ""9 mm"", ""9mm"", ""7x4"", ""7 x 4"", ""7 by 4"", ""sevenfeet4feet"", ""sevenfeetfour"", ""seven x four"", ""seven by four"", ""7feet x 4feet""]"
GreenPly Plywood Ecotec MR Plywood 12mm - 7x4,GreenPly,Ecotec,7x4,12mm,MR,1745.71,sheet,62.10,sheet,"[""greenply"", ""grinply"", ""grenply"", ""ekotech"", ""ekotake"", ""ikotek"", ""m r"", ""emer"", ""twele mm"", ""12 mm"", ""12mm"", ""7x4"", ""7 x 4"", ""seven x four"", ""sevenfeetfour"", ""sevenfeet4feet"", ""7 by 4"", ""7feet x 4feet"", ""seven by four""]"
GreenPly Plywood Ecotec MR Plywood 16mm - 7x4,GreenPly,Ecotec,7x4,16mm,MR,2018.48,sheet,71.80,sheet,"[""greenply"", ""grinply"", ""grenply"", ""ekotech"", ""ekotake"", ""ikotek"", ""m r"", ""emer"", ""sixteen mm"", ""16 mm"", ""16mm"", ""7x4"", ""7 x 4"", ""sevenfeetfour"", ""seven x four"", ""seven by four"", ""7 by 4"", ""sevenfeet4feet"", ""7feet x 4feet""]"
GreenPly Plywood Ecotec MR Plywood 19mm - 7x4,GreenPly,Ecotec,7x4,19mm,MR,2388.06,sheet,85.00,sheet,"[""greenply"", ""grinply"", ""grenply"", ""ekotech"", ""ekotake"", ""ikotek"", ""m r"", ""emer"", ""ninteen mm"", ""19 mm"", ""19mm"", ""7x4"", ""7 x 4"", ""seven x four"", ""sevenfeet4feet"", ""7feet x 4feet"", ""sevenfeetfour"", ""seven by four"", ""7 by 4""]"
GreenPly Plywood Ecotec MR Plywood 19mm (B/B) - 7x4,GreenPly,Ecotec,7x4,19mm (B/B),MR,2577.17,sheet,91.70,sheet,"[""greenply"", ""grinply"", ""grenply"", ""ekotech"", ""ekotake"", ""ikotek"", ""m r"", ""emer"", ""ninteen mm"", ""19 mm"", ""b b"", ""bb"", ""7x4"", ""7 x 4"", ""seven x four"", ""sevenfeet4feet"", ""7feet x 4feet"", ""sevenfeetfour"", ""seven by four"", ""7 by 4""]"
GreenPly Plywood Ecotec MR Plywood 25mm (B/B) - 7x4,GreenPly,Ecotec,7x4,25mm (B/B),MR,3389.18,sheet,120.60,sheet,"[""greenply"", ""grinply"", ""grenply"", ""ekotech"", ""ekotake"", ""ikotek"", ""m r"", ""emer"", ""twentyfive mm"", ""25 mm"", ""25mm"", ""b b"", ""bb"", ""7x4"", ""7 x 4"", ""seven x four"", ""sevenfeet4feet"", ""sevenfeetfour"", ""7 by 4"", ""7feet x 4feet""]"
GreenPly Plywood Ecotec BWP-710 Plywood 6mm - 7x4,GreenPly,Ecotec,7x4,6mm,-BWP 710.00,1540.41,sheet,54.80,sheet,"[""greenply"", ""grinply"", ""grenply"", ""ekotech"", ""ekotake"", ""ikotek"", ""bwp"", ""b v p"", ""710"", ""six mm"", ""6 mm"", ""6mm"", ""7x4"", ""7 x 4"", ""sevenfeet4feet"", ""seven x four"", ""seven by four"", ""7feet x 4feet"", ""sevenfeetfour"", ""7 by 4""]"
GreenPly Plywood Ecotec BWP-710 Plywood 9mm - 7x4,GreenPly,Ecotec,7x4,9mm,-BWP 710.00,1835.16,sheet,65.30,sheet,"[""greenply"", ""grinply"", ""grenply"", ""ekotech"", ""ekotake"", ""ikotek"", ""bwp"", ""bup"", ""710"", ""nine mm"", ""9 mm"", ""9mm"", ""7x4"", ""7 x 4"", ""sevenfeetfour"", ""sevenfeet4feet"", ""seven by four"", ""seven x four"", ""7feet x 4feet"", ""7 by 4""]"
GreenPly Plywood Ecotec BWP-710 Plywood 12mm - 7x4,GreenPly,Ecotec,7x4,12mm,-BWP 710.00,2183.24,sheet,77.70,sheet,"[""greenply"", ""grinply"", ""grenply"", ""ekotech"", ""ekotake"", ""ikotek"", ""bwp"", ""710"", ""twele mm"", ""12 mm"", ""12mm"", ""7x4"", ""7 x 4"", ""sevenfeetfour"", ""sevenfeet4feet"", ""7feet x 4feet"", ""seven by four"", ""seven x four"", ""7 by 4""]"
GreenPly Plywood Ecotec BWP-710 Plywood 16mm - 7x4,GreenPly,Ecotec,7x4,16mm,-BWP 710.00,2847.17,sheet,101.30,sheet,"[""greenply"", ""grinply"", ""grenply"", ""ekotech"", ""ekotake"", ""ikotek"", ""bwp"", ""710"", ""sixteen mm"", ""16 mm"", ""16mm"", ""7x4"", ""7 x 4"", ""sevenfeetfour"", ""seven x four"", ""seven by four"", ""sevenfeet4feet"", ""7 by 4"", ""7feet x 4feet""]"
GreenPly Plywood Ecotec BWP-710 Plywood 19mm - 7x4,GreenPly,Ecotec,7x4,19mm,-BWP 710.00,3120.93,sheet,111.10,sheet,"[""greenply"", ""grinply"", ""grenply"", ""ekotech"", ""ekotake"", ""ikotek"", ""bwp"", ""710"", ""ninteen mm"", ""19 mm"", ""19mm"", ""7x4"", ""7 x 4"", ""seven x four"", ""sevenfeet4feet"", ""sevenfeetfour"", ""7feet x 4feet"", ""seven by four"", ""7 by 4""]"
GreenPly Plywood Ecotec BWP-710 Plywood 19mm (B/B) - 7x4,GreenPly,Ecotec,7x4,19mm (B/B),-BWP 710.00,3305.84,sheet,117.60,sheet,"[""greenply"", ""grinply"", ""grenply"", ""ekotech"", ""ekotake"", ""ikotek"", ""bwp"", ""710"", ""ninteen mm"", ""19 mm"", ""b b"", ""bb"", ""7x4"", ""7 x 4"", ""seven x four"", ""sevenfeet4feet"", ""7feet x 4feet"", ""sevenfeetfour"", ""seven by four"", ""7 by 4""]"
GreenPly Plywood Ecotec BWP-710 Plywood 25mm (B/B) - 7x4,GreenPly,Ecotec,7x4,25mm (B/B),-BWP 710.00,0.00,sheet,0.00,sheet,"[""greenply"", ""ekotech"", ""ikotek"", ""bwp"", ""710"", ""twentyfive mm"", ""25mm"", ""b b"", ""bb"", ""7x4"", ""7 x 4"", ""sevenfeet4feet"", ""seven x four"", ""sevenfeetfour"", ""seven by four"", ""7 by 4"", ""7feet x 4feet""]"
GreenPly Plywood Gold BWP-710 Plywood 6mm - 7x4,GreenPly,Gold,7x4,6mm,-BWP 710.00,1852.89,sheet,65.90,sheet,"[""greenply"", ""grinply"", ""grenply"", ""gold"", ""goold"", ""bold"", ""bwp"", ""710"", ""six mm"", ""6 mm"", ""6mm"", ""7x4"", ""7 x 4"", ""seven x four"", ""sevenfeet4feet"", ""seven by four"", ""sevenfeetfour"", ""7 by 4"", ""7feet x 4feet""]"
GreenPly Plywood Gold BWP-710 Plywood 9mm - 7x4,GreenPly,Gold,7x4,9mm,-BWP 710.00,2198.47,sheet,78.20,sheet,"[""greenply"", ""grinply"", ""grenply"", ""gold"", ""goold"", ""bold"", ""bwp"", ""710"", ""nine mm"", ""9 mm"", ""9mm"", ""7x4"", ""7 x 4"", ""sevenfeet4feet"", ""seven x four"", ""seven by four"", ""sevenfeetfour"", ""7 by 4"", ""7feet x 4feet""]"
GreenPly Plywood Gold BWP-710 Plywood 12mm - 7x4,GreenPly,Gold,7x4,12mm,-BWP 710.00,2720.58,sheet,96.80,sheet,"[""greenply"", ""grinply"", ""grenply"", ""gold"", ""goold"", ""bold"", ""bwp"", ""710"", ""twele mm"", ""12 mm"", ""12mm"", ""7x4"", ""7 x 4"", ""sevenfeet4feet"", ""seven x four"", ""seven by four"", ""sevenfeetfour"", ""7feet x 4feet"", ""7 by 4""]"
GreenPly Plywood Gold BWP-710 Plywood 16mm - 7x4,GreenPly,Gold,7x4,16mm,-BWP 710.00,3419.68,sheet,121.70,sheet,"[""greenply"", ""grinply"", ""grenply"", ""gold"", ""goold"", ""bold"", ""bwp"", ""710"", ""sixteen mm"", ""16 mm"", ""16mm"", ""7x4"", ""7 x 4"", ""sevenfeet4feet"", ""seven x four"", ""seven by four"", ""sevenfeetfour"", ""7feet x 4feet"", ""7 by 4""]"
GreenPly Plywood Gold BWP-710 Plywood 19mm - 7x4,GreenPly,Gold,7x4,19mm,-BWP 710.00,3820.03,sheet,135.90,sheet,"[""greenply"", ""grinply"", ""grenply"", ""gold"", ""goold"", ""bold"", ""bwp"", ""710"", ""ninteen mm"", ""19 mm"", ""19mm"", ""7x4"", ""7 x 4"", ""seven x four"", ""sevenfeet4feet"", ""sevenfeetfour"", ""7feet x 4feet"", ""seven by four"", ""7 by 4""]"
GreenPly Plywood Gold BWP-710 Plywood 19mm (B/B) - 7x4,GreenPly,Gold,7x4,19mm (B/B),-BWP 710.00,3813.02,sheet,135.70,sheet,"[""greenply"", ""grinply"", ""grenply"", ""gold"", ""goold"", ""bold"", ""bwp"", ""710"", ""ninteen mm"", ""19 mm"", ""b b"", ""bb"", ""7x4"", ""7 x 4"", ""seven x four"", ""sevenfeet4feet"", ""sevenfeetfour"", ""seven by four"", ""7 by 4"", ""7feet x 4feet""]"
GreenPly Plywood Gold BWP-710 Plywood 25mm (B/B) - 7x4,GreenPly,Gold,7x4,25mm (B/B),-BWP 710.00,5126.89,sheet,182.50,sheet,"[""greenply"", ""grinply"", ""grenply"", ""gold"", ""goold"", ""bold"", ""bwp"", ""710"", ""twentyfive mm"", ""25 mm"", ""25mm"", ""b b"", ""bb"", ""7x4"", ""7 x 4"", ""seven x four"", ""sevenfeet4feet"", ""sevenfeetfour"", ""seven by four"", ""7 by 4""]"
GreenPly Plywood Green MR Plywood 6mm - 7x4,GreenPly,Green,7x4,6mm,MR,1680.42,sheet,59.80,sheet,"[""greenply"", ""grinply"", ""grenply"", ""green"", ""grean"", ""greem"", ""m r"", ""emer"", ""six mm"", ""6 mm"", ""6mm"", ""7x4"", ""7 x 4"", ""sevenfeet4feet"", ""seven x four"", ""sevenfeetfour"", ""seven by four"", ""7feet x 4feet"", ""7 by 4""]"
GreenPly Plywood Green MR Plywood 9mm - 7x4,GreenPly,Green,7x4,9mm,MR,1963.50,sheet,69.90,sheet,"[""greenply"", ""grinply"", ""grenply"", ""green"", ""grean"", ""greem"", ""m r"", ""emer"", ""nine mm"", ""9 mm"", ""9mm"", ""7x4"", ""7 x 4"", ""seven x four"", ""sevenfeet4feet"", ""sevenfeetfour"", ""seven by four"", ""7 by 4"", ""7feet x 4feet""]"
GreenPly Plywood Green MR Plywood 12mm - 7x4,GreenPly,Green,7x4,12mm,MR,2455.77,sheet,87.40,sheet,"[""greenply"", ""grinply"", ""grenply"", ""green"", ""grean"", ""greem"", ""m r"", ""emer"", ""twele mm"", ""12 mm"", ""12mm"", ""7x4"", ""7 x 4"", ""seven x four"", ""sevenfeet4feet"", ""sevenfeetfour"", ""seven by four"", ""7 by 4"", ""7feet x 4feet""]"
GreenPly Plywood Green MR Plywood 16mm - 7x4,GreenPly,Green,7x4,16mm,MR,3008.41,sheet,107.10,sheet,"[""greenply"", ""grinply"", ""grenply"", ""green"", ""grean"", ""greem"", ""m r"", ""emer"", ""sixteen mm"", ""16 mm"", ""16mm"", ""7x4"", ""7 x 4"", ""seven x four"", ""sevenfeet4feet"", ""sevenfeetfour"", ""seven by four"", ""7feet x 4feet"", ""7 by 4""]"
GreenPly Plywood Green MR Plywood 19mm - 7x4,GreenPly,Green,7x4,19mm,MR,3367.87,sheet,119.90,sheet,"[""greenply"", ""grinply"", ""grenply"", ""green"", ""grean"", ""greem"", ""m r"", ""emer"", ""ninteen mm"", ""19 mm"", ""19mm"", ""7x4"", ""7 x 4"", ""seven x four"", ""sevenfeet4feet"", ""sevenfeetfour"", ""seven by four"", ""7feet x 4feet"", ""7 by 4""]"
GreenPly Plywood Green MR Plywood 19mm (B/B) - 7x4,GreenPly,Green,7x4,19mm (B/B),MR,3564.75,sheet,126.90,sheet,"[""greenply"", ""grinply"", ""grenply"", ""green"", ""grean"", ""greem"", ""m r"", ""emer"", ""ninteen mm"", ""19 mm"", ""b b"", ""bb"", ""7x4"", ""7 x 4"", ""seven x four"", ""sevenfeet4feet"", ""sevenfeetfour"", ""seven by four"", ""7feet x 4feet"", ""7 by 4""]"
GreenPly Plywood Green MR Plywood 25mm (B/B) - 7x4,GreenPly,Green,7x4,25mm (B/B),MR,0.00,sheet,0.00,sheet,"[""greenply"", ""grinply"", ""grenply"", ""green"", ""grean"", ""greem"", ""m r"", ""emer"", ""twentyfive mm"", ""25 mm"", ""25mm"", ""b b"", ""bb"", ""7x4"", ""7 x 4"", ""seven x four"", ""sevenfeet4feet"", ""sevenfeetfour"", ""seven by four"", ""7feet x 4feet""]"
CenturyPly Plywood WIN MR Plywood 6mm - 7x4,CenturyPly,WIN,7x4,6mm,MR,1520.41,sheet,54.10,sheet,"[""senturiply"", ""centuriply"", ""win"", ""veen"", ""vin"", ""m r"", ""emer"", ""six mm"", ""6 mm"", ""6mm"", ""7x4"", ""7 x 4"", ""seven x four"", ""sevenfeetfour"", ""sevenfeet4feet"", ""seven by four"", ""7feet x 4feet"", ""7 by 4""]"
CenturyPly Plywood WIN MR Plywood 9mm - 7x4,CenturyPly,WIN,7x4,9mm,MR,1888.24,sheet,67.20,sheet,"[""senturiply"", ""centuriply"", ""win"", ""veen"", ""vin"", ""m r"", ""emer"", ""nine mm"", ""9 mm"", ""9mm"", ""7x4"", ""7 x 4"", ""seven x four"", ""sevenfeetfour"", ""sevenfeet4feet"", ""seven by four"", ""7feet x 4feet"", ""7 by 4""]"
CenturyPly Plywood WIN MR Plywood 12mm - 7x4,CenturyPly,WIN,7x4,12mm,MR,2390.40,sheet,85.10,sheet,"[""senturiply"", ""centuriply"", ""win"", ""veen"", ""vin"", ""m r"", ""emer"", ""twele mm"", ""12 mm"", ""12mm"", ""7x4"", ""7 x 4"", ""seven x four"", ""sevenfeetfour"", ""sevenfeet4feet"", ""seven by four"", ""7feet x 4feet"", ""7 by 4""]"
CenturyPly Plywood WIN MR Plywood 16mm - 7x4,CenturyPly,WIN,7x4,16mm,MR,2987.34,sheet,106.30,sheet,"[""senturiply"", ""centuriply"", ""win"", ""veen"", ""vin"", ""m r"", ""emer"", ""sixteen mm"", ""16 mm"", ""16mm"", ""7x4"", ""7 x 4"", ""seven x four"", ""sevenfeetfour"", ""sevenfeet4feet"", ""seven by four"", ""7feet x 4feet"", ""7 by 4""]"
CenturyPly Plywood WIN MR Plywood 19mm - 7x4,CenturyPly,WIN,7x4,19mm,MR,3343.29,sheet,119.00,sheet,"[""senturiply"", ""centuriply"", ""win"", ""veen"", ""vin"", ""m r"", ""emer"", ""ninteen mm"", ""19 mm"", ""19mm"", ""7x4"", ""7 x 4"", ""seven x four"", ""sevenfeetfour"", ""sevenfeet4feet"", ""seven by four"", ""7feet x 4feet"", ""7 by 4""]"
CenturyPly Plywood WIN MR Plywood 19mm (B/B) - 7x4,CenturyPly,WIN,7x4,19mm (B/B),MR,3459.27,sheet,123.10,sheet,"[""senturiply"", ""centuriply"", ""win"", ""veen"", ""vin"", ""m r"", ""emer"", ""ninteen mm"", ""19 mm"", ""b b"", ""bb"", ""7x4"", ""7 x 4"", ""seven by four"", ""sevenfeetfour"", ""seven x four"", ""7 by 4"", ""sevenfeet4feet"", ""7feet x 4feet""]"
CenturyPly Plywood WIN MR Plywood 25mm (B/B) - 7x4,CenturyPly,WIN,7x4,25mm (B/B),MR,0.00,sheet,0.00,sheet,"[""senturiply"", ""centuriply"", ""win"", ""veen"", ""vin"", ""m r"", ""emer"", ""twentyfive mm"", ""25 mm"", ""b b"", ""bb"", ""7x4"", ""7 x 4"", ""sevenfeet4feet"", ""seven x four"", ""seven by four"", ""7feet x 4feet"", ""7 by 4""]"
CenturyPly Plywood SAINIK MR Plywood 6mm - 7x4,CenturyPly,SAINIK,7x4,6mm,MR,1162.93,sheet,41.40,sheet,"[""senturiply"", ""centuriply"", ""saanik"", ""sanik"", ""m r"", ""emer"", ""six mm"", ""6 mm"", ""6mm"", ""7x4"", ""7 x 4"", ""seven x four"", ""sevenfeet4feet"", ""seven by four"", ""sevenfeetfour"", ""7feet x 4feet"", ""7 by 4""]"
CenturyPly Plywood SAINIK MR Plywood 9mm - 7x4,CenturyPly,SAINIK,7x4,9mm,MR,1446.57,sheet,51.50,sheet,"[""senturiply"", ""centuriply"", ""saanik"", ""sanik"", ""m r"", ""emer"", ""nine mm"", ""9 mm"", ""9mm"", ""7x4"", ""7 x 4"", ""sevenfeetfour"", ""sevenfeet4feet"", ""seven by four"", ""seven x four"", ""7feet x 4feet"", ""7 by 4""]"
CenturyPly Plywood SAINIK MR Plywood 12mm - 7x4,CenturyPly,SAINIK,7x4,12mm,MR,1701.85,sheet,60.60,sheet,"[""senturiply"", ""centuriply"", ""saanik"", ""sanik"", ""m r"", ""emer"", ""twele mm"", ""12 mm"", ""12mm"", ""7x4"", ""7 x 4"", ""sevenfeet4feet"", ""sevenfeetfour"", ""seven x four"", ""seven by four"", ""7 by 4"", ""7feet x 4feet""]"
CenturyPly Plywood SAINIK MR Plywood 16mm OEM - 7x4,CenturyPly,SAINIK,7x4,16mm OEM,MR,1970.55,sheet,70.10,sheet,"[""senturiply"", ""centuriply"", ""saanik"", ""sanik"", ""m r"", ""emer"", ""sixteen mm"", ""16 mm"", ""o e m"", ""oem"", ""7x4"", ""7 x 4"", ""sevenfeetfour"", ""seven x four"", ""sevenfeet4feet"", ""seven by four"", ""7feet x 4feet""]"
CenturyPly Plywood SAINIK MR Plywood 19mm - 7x4,CenturyPly,SAINIK,7x4,19mm,MR,2375.84,sheet,84.50,sheet,"[""senturiply"", ""centuriply"", ""saanik"", ""sanik"", ""m r"", ""emer"", ""ninteen mm"", ""19 mm"", ""7x4"", ""7 x 4"", ""seven x four"", ""sevenfeet4feet"", ""sevenfeetfour"", ""seven by four"", ""7 by 4"", ""7feet x 4feet""]"
CenturyPly Plywood SAINIK MR Plywood 19mm (B/B) - 7x4,CenturyPly,SAINIK,7x4,19mm (B/B),MR,2850.60,sheet,101.40,sheet,"[""senturiply"", ""centuriply"", ""saanik"", ""sanik"", ""m r"", ""emer"", ""ninteen mm"", ""19 mm"", ""b b"", ""bb"", ""7x4"", ""7 x 4"", ""seven x four"", ""sevenfeet4feet"", ""sevenfeetfour"", ""seven by four"", ""7 by 4""]"
CenturyPly Plywood SAINIK BWP-710 Plywood 6mm - 7x4,CenturyPly,SAINIK,7x4,6mm,-BWP 710.00,1375.66,sheet,49.00,sheet,"[""senturiply"", ""centuriply"", ""saanik"", ""sanik"", ""bwp"", ""b w p"", ""710"", ""six mm"", ""6 mm"", ""6mm"", ""7x4"", ""7 x 4"", ""seven by four"", ""seven x four"", ""sevenfeet4feet"", ""sevenfeetfour"", ""7 by 4"", ""7feet x 4feet""]"
CenturyPly Plywood SAINIK BWP-710 Plywood 9mm - 7x4,CenturyPly,SAINIK,7x4,9mm,-BWP 710.00,1673.48,sheet,59.60,sheet,"[""senturiply"", ""centuriply"", ""saanik"", ""sanik"", ""bwp"", ""b w p"", ""710"", ""nine mm"", ""9 mm"", ""9mm"", ""7x4"", ""7 x 4"", ""sevenfeet4feet"", ""seven x four"", ""seven by four"", ""sevenfeetfour"", ""7 by 4"", ""7feet x 4feet""]"
CenturyPly Plywood SAINIK BWP-710 Plywood 12mm - 7x4,CenturyPly,SAINIK,7x4,12mm,-BWP 710.00,2127.31,sheet,75.70,sheet,"[""senturiply"", ""centuriply"", ""saanik"", ""sanik"", ""bwp"", ""b w p"", ""710"", ""twele mm"", ""12 mm"", ""12mm"", ""7x4"", ""7 x 4"", ""seven x four"", ""sevenfeetfour"", ""seven by four"", ""sevenfeet4feet"", ""7feet x 4feet"", ""7 by 4""]"
CenturyPly Plywood SAINIK BWP-710 Plywood 16mm - 7x4,CenturyPly,SAINIK,7x4,16mm,-BWP 710.00,2627.40,sheet,93.50,sheet,"[""senturiply"", ""centuriply"", ""saanik"", ""sanik"", ""bwp"", ""b w p"", ""710"", ""sixteen mm"", ""16 mm"", ""16mm"", ""7x4"", ""7 x 4"", ""sevenfeet4feet"", ""seven by four"", ""seven x four"", ""sevenfeetfour"", ""7feet x 4feet"", ""7 by 4""]"
CenturyPly Plywood SAINIK BWP-710 Plywood 19mm - 7x4,CenturyPly,SAINIK,7x4,19mm,-BWP 710.00,3074.62,sheet,109.40,sheet,"[""senturiply"", ""centuriply"", ""saanik"", ""sanik"", ""bwp"", ""b w p"", ""710"", ""ninteen mm"", ""19 mm"", ""19mm"", ""7x4"", ""7 x 4"", ""sevenfeetfour"", ""seven x four"", ""seven by four"", ""sevenfeet4feet"", ""7feet x 4feet"", ""7 by 4""]"
CenturyPly Plywood SAINIK BWP-710 Plywood 19mm (B/B) - 7x4,CenturyPly,SAINIK,7x4,19mm (B/B),-BWP 710.00,3205.15,sheet,114.10,sheet,"[""senturiply"", ""centuriply"", ""saanik"", ""sanik"", ""bwp"", ""b w p"", ""710"", ""ninteen mm"", ""19 mm"", ""b b"", ""bb"", ""7x4"", ""7 x 4"", ""seven x four"", ""sevenfeet4feet"", ""seven by four"", ""sevenfeetfour"", ""7 by 4""]"
CenturyPly Plywood SAINIK BWP-710 Plywood 25mm (B/B) - 7x4,CenturyPly,SAINIK,7x4,25mm (B/B),-BWP 710.00,0.00,sheet,0.00,sheet,"[""senturiply"", ""centuriply"", ""saanik"", ""sanik"", ""bwp"", ""b w p"", ""710"", ""twentyfive mm"", ""25 mm"", ""25mm"", ""b b"", ""bb"", ""7x4"", ""7 x 4"", ""sevenfeet4feet"", ""seven x four"", ""seven by four"", ""sevenfeetfour"", ""7 by 4""]"
CenturyPly Plywood Club Prime BWP-710 Plywood 6mm - 7x4,CenturyPly,Club Prime,7x4,6mm,-BWP 710.00,1869.72,sheet,66.50,sheet,"[""senturiply"", ""centuriply"", ""club"", ""klub"", ""prime"", ""praim"", ""bwp"", ""b w p"", ""710"", ""six mm"", ""6 mm"", ""6mm"", ""7x4"", ""7 x 4"", ""sevenfeet4feet"", ""seven x four"", ""seven by four"", ""sevenfeetfour"", ""7 by 4""]"
CenturyPly Plywood Club Prime BWP-710 Plywood 9mm - 7x4,CenturyPly,Club Prime,7x4,9mm,-BWP 710.00,2254.66,sheet,80.20,sheet,"[""senturiply"", ""centuriply"", ""club"", ""klub"", ""prime"", ""praim"", ""bwp"", ""b w p"", ""710"", ""nine mm"", ""9 mm"", ""9mm"", ""7x4"", ""7 x 4"", ""seven x four"", ""sevenfeetfour"", ""seven by four"", ""sevenfeet4feet"", ""7 by 4""]"
CenturyPly Plywood Club Prime BWP-710 Plywood 12mm - 7x4,CenturyPly,Club Prime,7x4,12mm,-BWP 710.00,2845.82,sheet,101.30,sheet,"[""senturiply"", ""centuriply"", ""club"", ""klub"", ""prime"", ""praim"", ""bwp"", ""b w p"", ""710"", ""twele mm"", ""12 mm"", ""12mm"", ""7x4"", ""7 x 4"", ""seven x four"", ""sevenfeetfour"", ""seven by four"", ""sevenfeet4feet"", ""7 by 4""]"
CenturyPly Plywood Club Prime BWP-710 Plywood 16mm - 7x4,CenturyPly,Club Prime,7x4,16mm,-BWP 710.00,3601.96,sheet,128.20,sheet,"[""senturiply"", ""centuriply"", ""club"", ""klub"", ""prime"", ""praim"", ""bwp"", ""b w p"", ""710"", ""sixteen mm"", ""16 mm"", ""16mm"", ""7x4"", ""7 x 4"", ""sevenfeet4feet"", ""seven x four"", ""sevenfeetfour"", ""seven by four"", ""7 by 4""]"
CenturyPly Plywood Club Prime BWP-710 Plywood 19mm - 7x4,CenturyPly,Club Prime,7x4,19mm,-BWP 710.00,3986.90,sheet,141.90,sheet,"[""senturiply"", ""centuriply"", ""club"", ""klub"", ""prime"", ""praim"", ""bwp"", ""b w p"", ""710"", ""ninteen mm"", ""19 mm"", ""19mm"", ""7x4"", ""7 x 4"", ""seven x four"", ""sevenfeet4feet"", ""sevenfeetfour"", ""seven by four"", ""7 by 4""]"
CenturyPly Plywood Club Prime BWP-710 Plywood 19mm (B/B) - 7x4,CenturyPly,Club Prime,7x4,19mm (B/B),-BWP 710.00,4165.62,sheet,148.20,sheet,"[""senturiply"", ""centryply"", ""centuripli"", ""centuryply"", ""clubb"", ""primee"", ""clab"", ""bwp710"", ""bwp-710"", ""bwb710"", ""b/b"", ""b slash b"", ""bb"", ""19 mm"", ""19mm"", ""ninteen mm"", ""7x4"", ""7 x 4"", ""7by4"", ""7 ft x 4 ft""]"
CenturyPly Plywood Club Prime BWP-710 Plywood 25mm (B/B) - 7x4,CenturyPly,Club Prime,7x4,25mm (B/B),-BWP 710.00,0.00,sheet,0.00,sheet,"[""senturiply"", ""centryply"", ""centuripli"", ""centuryply"", ""clubb"", ""primee"", ""clab"", ""bwp710"", ""bwp-710"", ""bwb710"", ""b/b"", ""b slash b"", ""bb"", ""25 mm"", ""25mm"", ""twentyfive mm"", ""7x4"", ""7 x 4"", ""7by4""]"
CenturyPly Plywood Architect Ply BWP-710 Plywood 4mm - 7x4,CenturyPly,Architect Ply,7x4,4mm,-BWP 710.00,0.00,sheet,0.00,sheet,"[""senturiply"", ""centryply"", ""centuripli"", ""centuryply"", ""arkitekt"", ""arkitact"", ""arcitec"", ""architact"", ""bwp710"", ""bwp-710"", ""bwb710"", ""4 mm"", ""4mm"", ""four mm"", ""7x4"", ""7 x 4"", ""7by4"", ""7ft x 4ft"", ""plyy""]"
CenturyPly Plywood Architect Ply BWP-710 Plywood 6mm - 7x4,CenturyPly,Architect Ply,7x4,6mm,-BWP 710.00,2413.93,sheet,85.90,sheet,"[""senturiply"", ""centryply"", ""centuripli"", ""centuryply"", ""arkitekt"", ""arkitact"", ""arcitec"", ""architact"", ""bwp710"", ""bwp-710"", ""bwb710"", ""6 mm"", ""6mm"", ""six mm"", ""7x4"", ""7 x 4"", ""7by4"", ""7ft x 4ft"", ""plyy""]"
CenturyPly Plywood Architect Ply BWP-710 Plywood 9mm - 7x4,CenturyPly,Architect Ply,7x4,9mm,-BWP 710.00,2821.10,sheet,100.40,sheet,"[""senturiply"", ""centryply"", ""centuripli"", ""centuryply"", ""arkitekt"", ""arkitact"", ""arcitec"", ""architact"", ""bwp710"", ""bwp-710"", ""bwb710"", ""9 mm"", ""9mm"", ""nine mm"", ""7x4"", ""7 x 4"", ""7by4"", ""7ft x 4ft"", ""plyy""]"
CenturyPly Plywood Architect Ply BWP-710 Plywood 12mm - 7x4,CenturyPly,Architect Ply,7x4,12mm,-BWP 710.00,3635.44,sheet,129.40,sheet,"[""senturiply"", ""centryply"", ""centuripli"", ""centuryply"", ""arkitekt"", ""arkitact"", ""arcitec"", ""architact"", ""bwp710"", ""bwp-710"", ""bwb710"", ""12 mm"", ""12mm"", ""twelve mm"", ""7x4"", ""7 x 4"", ""7by4"", ""plyy"", ""7ft x 4ft""]"
CenturyPly Plywood Architect Ply BWP-710 Plywood 16mm - 7x4,CenturyPly,Architect Ply,7x4,16mm,-BWP 710.00,0.00,sheet,0.00,sheet,"[""senturiply"", ""centryply"", ""centuripli"", ""centuryply"", ""arkitekt"", ""arkitact"", ""arcitec"", ""architact"", ""bwp710"", ""bwp-710"", ""bwb710"", ""16 mm"", ""16mm"", ""sixteen mm"", ""7x4"", ""7 x 4"", ""7by4"", ""plyy"", ""7ft x 4ft""]"
CenturyPly Plywood Architect Ply BWP-710 Plywood 19mm - 7x4,CenturyPly,Architect Ply,7x4,19mm,-BWP 710.00,5176.86,sheet,184.20,sheet,"[""senturiply"", ""centryply"", ""centuripli"", ""centuryply"", ""arkitekt"", ""arkitact"", ""arcitec"", ""architact"", ""bwp710"", ""bwp-710"", ""bwb710"", ""19 mm"", ""19mm"", ""ninteen mm"", ""7x4"", ""7 x 4"", ""7by4"", ""plyy"", ""7ft x 4ft""]"
CenturyPly Plywood Architect Ply BWP-710 Plywood 25mm - 7x4,CenturyPly,Architect Ply,7x4,25mm,-BWP 710.00,0.00,sheet,0.00,sheet,"[""senturiply"", ""centryply"", ""centuripli"", ""centuryply"", ""arkitekt"", ""arkitact"", ""arcitec"", ""architact"", ""bwp710"", ""bwp-710"", ""bwb710"", ""25 mm"", ""25mm"", ""twentyfive mm"", ""7x4"", ""7 x 4"", ""7by4"", ""plyy"", ""7ft x 4ft""]"
CenturyPly Plywood Architect Ply BWP-710 Plywood 19mm (B/B) - 7x4,CenturyPly,Architect Ply,7x4,19mm (B/B),-BWP 710.00,0.00,sheet,0.00,sheet,"[""senturiply"", ""centryply"", ""centuripli"", ""centuryply"", ""arkitekt"", ""arkitact"", ""arcitec"", ""architact"", ""bwp710"", ""bwp-710"", ""bwb710"", ""b/b"", ""b slash b"", ""bb"", ""19 mm"", ""19mm"", ""7x4"", ""7 x 4"", ""plyy""]"
CenturyPly Plywood Architect Ply BWP-710 Plywood 25mm (B/B) - 7x4,CenturyPly,Architect Ply,7x4,25mm (B/B),-BWP 710.00,0.00,sheet,0.00,sheet,"[""senturiply"", ""centryply"", ""centuripli"", ""centuryply"", ""arkitekt"", ""arkitact"", ""arcitec"", ""architact"", ""bwp710"", ""bwp-710"", ""bwb710"", ""b/b"", ""b slash b"", ""bb"", ""25 mm"", ""25mm"", ""7x4"", ""7 x 4"", ""plyy""]"
GreenPly Plywood Absolute MR Plywood 16mm - 7x4,GreenPly,Absolute,7x4,16mm,MR,2381.76,sheet,84.80,sheet,"[""greenplai"", ""grinply"", ""grinplai"", ""greenplye"", ""absolut"", ""abslute"", ""mr"", ""amar"", ""emaar"", ""16 mm"", ""16mm"", ""sixteen mm"", ""7x4"", ""7 x 4"", ""7by4"", ""7 ft by 4 ft"", ""7ft4ft"", ""plyy"", ""wood""]"
GreenPly Plywood Absolute BWP-710 Plywood 16mm - 7x4,GreenPly,Absolute,7x4,16mm,-BWP 710.00,2765.04,sheet,98.40,sheet,"[""greenplai"", ""grinply"", ""grinplai"", ""greenplye"", ""absolut"", ""abslute"", ""bwp710"", ""bwb710"", ""mr"", ""amar"", ""emaar"", ""16 mm"", ""16mm"", ""sixteen mm"", ""7x4"", ""7 x 4"", ""7by4"", ""7 ft by 4 ft"", ""plyy""]"
Multiply Plywood Neem MR Plywood 6mm - 8x4,Multiply,Neem,8x4,6mm,MR,960.00,sheet,30.00,sheet,"[""maltiply"", ""multiplai"", ""multypli"", ""multyply"", ""neam"", ""neem"", ""mir"", ""amar"", ""emaar"", ""6 mm"", ""6mm"", ""six mm"", ""8x4"", ""8 x 4"", ""8by4"", ""8ft by 4ft"", ""8feet4feet"", ""plye"", ""wood""]"
Multiply Plywood Neem MR Plywood 9mm - 8x4,Multiply,Neem,8x4,9mm,MR,1216.00,sheet,38.00,sheet,"[""maltiply"", ""multiplai"", ""multypli"", ""multyply"", ""neam"", ""neem"", ""mir"", ""amar"", ""emaar"", ""9 mm"", ""9mm"", ""nine mm"", ""8x4"", ""8 x 4"", ""8by4"", ""8ft by 4ft"", ""8feet4feet"", ""plye"", ""wood""]"
Multiply Plywood Neem MR Plywood 12mm - 8x4,Multiply,Neem,8x4,12mm,MR,1344.00,sheet,42.00,sheet,"[""maltiply"", ""multiplai"", ""multypli"", ""multyply"", ""neam"", ""neem"", ""mir"", ""amar"", ""emaar"", ""12 mm"", ""12mm"", ""twelve mm"", ""8x4"", ""8 x 4"", ""8by4"", ""8ft by 4ft"", ""8feet4feet"", ""plye"", ""wood""]"
Multiply Plywood Neem MR Plywood 16mm - 8x4,Multiply,Neem,8x4,16mm,MR,1568.00,sheet,49.00,sheet,"[""maltiply"", ""multiplai"", ""multypli"", ""multyply"", ""neam"", ""neem"", ""mir"", ""amar"", ""emaar"", ""16 mm"", ""16mm"", ""sixteen mm"", ""8x4"", ""8 x 4"", ""8by4"", ""8ft by 4ft"", ""8feet4feet"", ""plye"", ""wood""]"
Multiply Plywood Neem MR Plywood 19mm - 8x4,Multiply,Neem,8x4,19mm,MR,1600.00,sheet,50.00,sheet,"[""maltiply"", ""multiplai"", ""multypli"", ""multyply"", ""neam"", ""neem"", ""mir"", ""amar"", ""emaar"", ""19 mm"", ""19mm"", ""nineteen mm"", ""8x4"", ""8 x 4"", ""8by4"", ""8ft by 4ft"", ""8feet4feet"", ""plye"", ""wood""]"
Multiply Plywood Okuma Face - A/B MR Plywood 6mm - 8x4,Multiply,Okuma Face - A/B,8x4,6mm,MR,1120.00,sheet,35.00,sheet,"[""maltiply"", ""multiplai"", ""multypli"", ""multyply"", ""okumma"", ""okoma"", ""okama"", ""facee"", ""a/b"", ""ab"", ""mir"", ""amar"", ""emaar"", ""6 mm"", ""6mm"", ""six mm"", ""8x4"", ""8 x 4"", ""8by4""]"
Multiply Plywood Okuma Face - A/B MR Plywood 9mm - 8x4,Multiply,Okuma Face - A/B,8x4,9mm,MR,1344.00,sheet,42.00,sheet,"[""maltiply"", ""multiplai"", ""multypli"", ""multyply"", ""okumma"", ""okoma"", ""okama"", ""facee"", ""a/b"", ""ab"", ""mir"", ""amar"", ""emaar"", ""9 mm"", ""9mm"", ""nine mm"", ""8x4"", ""8 x 4"", ""8by4""]"
Multiply Plywood Okuma Face - A/B MR Plywood 12mm - 8x4,Multiply,Okuma Face - A/B,8x4,12mm,MR,1440.00,sheet,45.00,sheet,"[""maltiply"", ""multiplai"", ""multypli"", ""multyply"", ""okumma"", ""okoma"", ""okama"", ""facee"", ""a/b"", ""ab"", ""mir"", ""amar"", ""emaar"", ""12 mm"", ""12mm"", ""twelve mm"", ""8x4"", ""8 x 4"", ""8by4"", ""8feet4feet""]"
Multiply Plywood Okuma Face - A/B MR Plywood 16mm - 8x4,Multiply,Okuma Face - A/B,8x4,16mm,MR,1760.00,sheet,55.00,sheet,"[""maltiply"", ""multiplai"", ""multypli"", ""multyply"", ""okumma"", ""okoma"", ""okama"", ""facee"", ""a/b"", ""ab"", ""mir"", ""amar"", ""emaar"", ""16 mm"", ""16mm"", ""sixteen mm"", ""8x4"", ""8 x 4"", ""8by4"", ""plye""]"
Multiply Plywood Okuma Face - A/B MR Plywood 19mm - 8x4,Multiply,Okuma Face - A/B,8x4,19mm,MR,1792.00,sheet,56.00,sheet,"[""maltiply"", ""multiplai"", ""multypli"", ""multyply"", ""okumma"", ""okoma"", ""okama"", ""facee"", ""a/b"", ""ab"", ""mir"", ""amar"", ""emaar"", ""19 mm"", ""19mm"", ""ninteen mm"", ""8x4"", ""8 x 4"", ""8by4"", ""plye""]"
Multiply Plywood Gurjan Alternate MR Plywood 6mm - 8x4,Multiply,Gurjan Alternate,8x4,6mm,MR,1216.00,sheet,38.00,sheet,"[""maltiply"", ""multiplai"", ""multypli"", ""multyply"", ""gurjan"", ""gurrjan"", ""gurjann"", ""altranate"", ""alternat"", ""alturnet"", ""mir"", ""amar"", ""emaar"", ""6 mm"", ""6mm"", ""six mm"", ""8x4"", ""8 x 4"", ""plyy""]"
Multiply Plywood Gurjan Alternate MR Plywood 9mm - 8x4,Multiply,Gurjan Alternate,8x4,9mm,MR,1472.00,sheet,46.00,sheet,"[""maltiply"", ""multiplai"", ""multypli"", ""multyply"", ""gurjan"", ""gurrjan"", ""gurjann"", ""altranate"", ""alternat"", ""alturnet"", ""mir"", ""amar"", ""emaar"", ""9 mm"", ""9mm"", ""nine mm"", ""8x4"", ""8 x 4"", ""plyy""]"
Multiply Plywood Gurjan Alternate MR Plywood 12mm - 8x4,Multiply,Gurjan Alternate,8x4,12mm,MR,1536.00,sheet,48.00,sheet,"[""maltiply"", ""multiplai"", ""multypli"", ""multyply"", ""gurjan"", ""gurrjan"", ""gurjann"", ""altranate"", ""alternat"", ""alturnet"", ""mir"", ""amar"", ""emaar"", ""12 mm"", ""12mm"", ""twelve mm"", ""8x4"", ""8 x 4"", ""plyy""]"
Multiply Plywood Gurjan Alternate MR Plywood 16mm - 8x4,Multiply,Gurjan Alternate,8x4,16mm,MR,1920.00,sheet,60.00,sheet,"[""maltiply"", ""multiplai"", ""multypli"", ""multyply"", ""gurjan"", ""gurrjan"", ""gurjann"", ""altranate"", ""alternat"", ""alturnet"", ""mir"", ""amar"", ""emaar"", ""16 mm"", ""16mm"", ""sixteen mm"", ""8x4"", ""8 x 4"", ""plyy""]"
Multiply Plywood Gurjan Alternate MR Plywood 19mm - 8x4,Multiply,Gurjan Alternate,8x4,19mm,MR,1984.00,sheet,62.00,sheet,"[""maltiply"", ""multiplai"", ""multypli"", ""multyply"", ""gurjan"", ""gurrjan"", ""gurjann"", ""altranate"", ""alternat"", ""alturnet"", ""mir"", ""amar"", ""emaar"", ""19 mm"", ""19mm"", ""ninteen mm"", ""8x4"", ""8 x 4"", ""plyy""]"
Multiply Plywood Gurjan Alternate MR Plywood 19mm (B/B) - 8x4,Multiply,Gurjan Alternate,8x4,19mm (B/B),MR,2208.00,sheet,69.00,sheet,"[""maltiply"", ""multiplai"", ""multypli"", ""multyply"", ""gurjan"", ""gurrjan"", ""gurjann"", ""altranate"", ""alternat"", ""alturnet"", ""mir"", ""b slash b"", ""b/b"", ""bb"", ""19 mm"", ""19mm"", ""8x4"", ""8 x 4"", ""plye""]"
Multiply Plywood Gurjan Alternate MR Plywood 25mm (B/B) - 8x4,Multiply,Gurjan Alternate,8x4,25mm (B/B),MR,2816.00,sheet,88.00,sheet,"[""maltiply"", ""multiplai"", ""multypli"", ""multyply"", ""gurjan"", ""gurrjan"", ""gurjann"", ""altranate"", ""alternat"", ""alturnet"", ""mir"", ""b slash b"", ""b/b"", ""bb"", ""25 mm"", ""25mm"", ""8x4"", ""8 x 4"", ""plye""]"
Multiply Plywood Gurjan Alternate BWP-710 Plywood 6mm - 8x4,Multiply,Gurjan Alternate,8x4,6mm,-BWP 710.00,1408.00,sheet,44.00,sheet,"[""maltiply"", ""multiplai"", ""multypli"", ""multyply"", ""gurjan"", ""gurrjan"", ""gurjann"", ""altranate"", ""alternat"", ""alturnet"", ""bwp710"", ""bwp-710"", ""bwb710"", ""6 mm"", ""6mm"", ""six mm"", ""8x4"", ""8 x 4"", ""plyy""]"
Multiply Plywood Gurjan Alternate BWP-710 Plywood 9mm - 8x4,Multiply,Gurjan Alternate,8x4,9mm,-BWP 710.00,1728.00,sheet,54.00,sheet,"[""maltiply"", ""multiplai"", ""multypli"", ""multyply"", ""gurjan"", ""gurrjan"", ""gurjann"", ""altranate"", ""alternat"", ""alturnet"", ""bwp710"", ""bwp-710"", ""bwb710"", ""9 mm"", ""9mm"", ""nine mm"", ""8x4"", ""8 x 4"", ""plyy""]"
Multiply Plywood Gurjan Alternate BWP-710 Plywood 12mm - 8x4,Multiply,Gurjan Alternate,8x4,12mm,-BWP 710.00,1920.00,sheet,60.00,sheet,"[""maltiply"", ""multiplai"", ""multypli"", ""multyply"", ""gurjan"", ""gurrjan"", ""gurjann"", ""altranate"", ""alternat"", ""alturnet"", ""bwp710"", ""bwp-710"", ""bwb710"", ""12 mm"", ""12mm"", ""twelve mm"", ""8x4"", ""8 x 4"", ""plyy""]"
Multiply Plywood Gurjan Alternate BWP-710 Plywood 16mm - 8x4,Multiply,Gurjan Alternate,8x4,16mm,-BWP 710.00,2400.00,sheet,75.00,sheet,"[""maltiply"", ""multiplai"", ""multypli"", ""multyply"", ""gurjan"", ""gurrjan"", ""gurjann"", ""altranate"", ""alternat"", ""alturnet"", ""bwp710"", ""bwp-710"", ""bwb710"", ""16 mm"", ""16mm"", ""sixteen mm"", ""8x4"", ""8 x 4"", ""plyy""]"
Multiply Plywood Gurjan Alternate BWP-710 Plywood 19mm - 8x4,Multiply,Gurjan Alternate,8x4,19mm,-BWP 710.00,2496.00,sheet,78.00,sheet,"[""maltiply"", ""multiplai"", ""multypli"", ""multyply"", ""gurjan"", ""gurrjan"", ""gurjann"", ""altranate"", ""alternat"", ""alturnet"", ""bwp710"", ""bwp-710"", ""bwb710"", ""19 mm"", ""19mm"", ""ninteen mm"", ""8x4"", ""8 x 4"", ""plyy""]"
Multiply Plywood Silver Marine BWP-710 Plywood 6mm - 8x4,Multiply,Silver Marine,8x4,6mm,-BWP 710.00,1408.00,sheet,44.00,sheet,"[""maltiply"", ""multiplai"", ""multypli"", ""multyply"", ""siller"", ""silvar"", ""silveer"", ""marinee"", ""marrine"", ""marien"", ""bwp710"", ""bwp-710"", ""bwb710"", ""6 mm"", ""6mm"", ""six mm"", ""8x4"", ""8 x 4"", ""plye""]"
Multiply Plywood Silver Marine BWP-710 Plywood 9mm - 8x4,Multiply,Silver Marine,8x4,9mm,-BWP 710.00,1728.00,sheet,54.00,sheet,"[""maltiply"", ""multiplai"", ""multypli"", ""multyply"", ""siller"", ""silvar"", ""silveer"", ""marinee"", ""marrine"", ""marien"", ""bwp710"", ""bwp-710"", ""bwb710"", ""9 mm"", ""9mm"", ""nine mm"", ""8x4"", ""8 x 4"", ""plye""]"
Multiply Plywood Silver Marine BWP-710 Plywood 12mm - 8x4,Multiply,Silver Marine,8x4,12mm,-BWP 710.00,1856.00,sheet,58.00,sheet,"[""maltiply"", ""multiplai"", ""multypli"", ""multyply"", ""siller"", ""silvar"", ""silveer"", ""marinee"", ""marrine"", ""marien"", ""bwp710"", ""bwp-710"", ""bwb710"", ""12 mm"", ""12mm"", ""twelve mm"", ""8x4"", ""8 x 4"", ""plye""]"
Multiply Plywood Silver Marine BWP-710 Plywood 16mm - 8x4,Multiply,Silver Marine,8x4,16mm,-BWP 710.00,2400.00,sheet,75.00,sheet,"[""maltiply"", ""multiplai"", ""multypli"", ""multyply"", ""siller"", ""silvar"", ""silveer"", ""marinee"", ""marrine"", ""marien"", ""bwp710"", ""bwp-710"", ""bwb710"", ""16 mm"", ""16mm"", ""sixteen mm"", ""8x4"", ""8 x 4"", ""plye""]"
Multiply Plywood Silver Marine BWP-710 Plywood 19mm - 8x4,Multiply,Silver Marine,8x4,19mm,-BWP 710.00,2496.00,sheet,78.00,sheet,"[""maltiply"", ""multiplai"", ""multypli"", ""multyply"", ""siller"", ""silvar"", ""silveer"", ""marinee"", ""marrine"", ""marien"", ""bwp710"", ""bwp-710"", ""bwb710"", ""19 mm"", ""19mm"", ""ninteen mm"", ""8x4"", ""8 x 4"", ""plye""]"
Multiply Plywood Flexi Ply MR Plywood 6mm - 8x4,Multiply,Flexi Ply,8x4,6mm,MR,1344.00,sheet,42.00,sheet,"[""maltiply"", ""multiplai"", ""multypli"", ""multyply"", ""flexy"", ""flaexi"", ""plexy"", ""plie"", ""mir"", ""amar"", ""emaar"", ""6 mm"", ""6mm"", ""six mm"", ""8x4"", ""8 x 4"", ""8by4"", ""8feet4feet"", ""8by 4""]"
Multiply Plywood Flexi Ply MR Plywood 12mm - 8x4,Multiply,Flexi Ply,8x4,12mm,MR,2720.00,sheet,85.00,sheet,"[""maltiply"", ""multiplai"", ""multypli"", ""multyply"", ""flexy"", ""flaexi"", ""plexy"", ""plie"", ""mir"", ""amar"", ""emaar"", ""12 mm"", ""12mm"", ""twelve mm"", ""8x4"", ""8 x 4"", ""8by4"", ""8feet4feet"", ""8by 4""]"
Multiply Plywood Premium Gurjan MR Plywood 6mm - 8x4,Multiply,Premium Gurjan,8x4,6mm,MR,1184.00,sheet,37.00,sheet,"[""maltiply"", ""multiplai"", ""multypli"", ""multyply"", ""prymium"", ""premiam"", ""primyum"", ""gurjan"", ""gurrjan"", ""gurjann"", ""mir"", ""amar"", ""emaar"", ""6 mm"", ""6mm"", ""six mm"", ""8x4"", ""8 x 4"", ""8feet4feet""]"
Multiply Plywood Premium Gurjan MR Plywood 9mm - 8x4,Multiply,Premium Gurjan,8x4,9mm,MR,1408.00,sheet,44.00,sheet,"[""maltiply"", ""multiplai"", ""multypli"", ""multyply"", ""prymium"", ""premiam"", ""primyum"", ""gurjan"", ""gurrjan"", ""gurjann"", ""mir"", ""amar"", ""emaar"", ""9 mm"", ""9mm"", ""nine mm"", ""8x4"", ""8 x 4"", ""plyy""]"
Multiply Plywood Premium Gurjan MR Plywood 12mm - 8x4,Multiply,Premium Gurjan,8x4,12mm,MR,1472.00,sheet,46.00,sheet,"[""maltiply"", ""multiplai"", ""multypli"", ""multyply"", ""prymium"", ""premiam"", ""primyum"", ""gurjan"", ""gurrjan"", ""gurjann"", ""mir"", ""amar"", ""emaar"", ""12 mm"", ""12mm"", ""twelve mm"", ""8x4"", ""8 x 4"", ""plye""]"
Multiply Plywood Premium Gurjan MR Plywood 16mm - 8x4,Multiply,Premium Gurjan,8x4,16mm,MR,1888.00,sheet,59.00,sheet,"[""maltiply"", ""multiplai"", ""multypli"", ""multyply"", ""prymium"", ""premiam"", ""primyum"", ""gurjan"", ""gurrjan"", ""gurjann"", ""mir"", ""amar"", ""emaar"", ""16 mm"", ""16mm"", ""sixteen mm"", ""8x4"", ""8 x 4"", ""plye""]"
Multiply Plywood Premium Gurjan MR Plywood 19mm - 8x4,Multiply,Premium Gurjan,8x4,19mm,MR,1920.00,sheet,60.00,sheet,"[""maltiply"", ""multiplai"", ""multypli"", ""multyply"", ""prymium"", ""premiam"", ""primyum"", ""gurjan"", ""gurrjan"", ""gurjann"", ""mir"", ""amar"", ""emaar"", ""19 mm"", ""19mm"", ""ninteen mm"", ""8x4"", ""8 x 4"", ""plye""]"
Multiply Plywood Festo MR Plywood 6mm - 8x4,Multiply,Festo,8x4,6mm,MR,1248.00,sheet,39.00,sheet,"[""maltiply"", ""multiplai"", ""multypli"", ""multyply"", ""festo"", ""phesto"", ""pesto"", ""fistoo"", ""mir"", ""amar"", ""emaar"", ""6 mm"", ""6mm"", ""six mm"", ""8x4"", ""8 x 4"", ""8feet4feet"", ""8 by 4""]"
Multiply Plywood Festo MR Plywood 9mm - 8x4,Multiply,Festo,8x4,9mm,MR,1568.00,sheet,49.00,sheet,"[""maltiply"", ""multiplai"", ""multypli"", ""multyply"", ""festo"", ""phesto"", ""pesto"", ""fistoo"", ""mir"", ""amar"", ""emaar"", ""9 mm"", ""9mm"", ""nine mm"", ""8x4"", ""8 x 4"", ""8feet4feet"", ""plyy""]"
Multiply Plywood Festo MR Plywood 12mm - 8x4,Multiply,Festo,8x4,12mm,MR,1728.00,sheet,54.00,sheet,"[""maltiply"", ""multiplai"", ""multypli"", ""multyply"", ""festo"", ""phesto"", ""pesto"", ""fistoo"", ""mir"", ""amar"", ""emaar"", ""12 mm"", ""12mm"", ""twelve mm"", ""8x4"", ""8 x 4"", ""plye""]"
Multiply Plywood Festo MR Plywood 16mm - 8x4,Multiply,Festo,8x4,16mm,MR,2112.00,sheet,66.00,sheet,"[""maltiply"", ""multiplai"", ""multypli"", ""multyply"", ""festo"", ""phesto"", ""pesto"", ""fistoo"", ""mir"", ""amar"", ""emaar"", ""16 mm"", ""16mm"", ""sixteen mm"", ""8x4"", ""8 x 4"", ""plye""]"
Multiply Plywood Festo MR Plywood 19mm - 8x4,Multiply,Festo,8x4,19mm,MR,2240.00,sheet,70.00,sheet,"[""maltiply"", ""multiplai"", ""multypli"", ""multyply"", ""festo"", ""phesto"", ""pesto"", ""fistoo"", ""mir"", ""amar"", ""emaar"", ""19 mm"", ""19mm"", ""ninteen mm"", ""8x4"", ""8 x 4"", ""plye""]"
Multiply Plywood Festo MR Plywood 19mm (B/B) - 8x4,Multiply,Festo,8x4,19mm (B/B),MR,2240.00,sheet,70.00,sheet,"[""maltiply"", ""multiplai"", ""multypli"", ""multyply"", ""festo"", ""phesto"", ""pesto"", ""fistoo"", ""mir"", ""b slash b"", ""b/b"", ""bb"", ""19 mm"", ""19mm"", ""8x4"", ""8 x 4"", ""plye""]"
Multiply Plywood Festo MR Plywood 25mm (B/B) - 8x4,Multiply,Festo,8x4,25mm (B/B),MR,3104.00,sheet,97.00,sheet,"[""maltiply"", ""multiplai"", ""multypli"", ""multyply"", ""festo"", ""phesto"", ""pesto"", ""fistoo"", ""mir"", ""b slash b"", ""b/b"", ""bb"", ""25 mm"", ""25mm"", ""8x4"", ""8 x 4"", ""plye""]"
Multiply Plywood Festo MR Plywood 30mm (B/B) - 8x4,Multiply,Festo,8x4,30mm (B/B),MR,3904.00,sheet,122.00,sheet,"[""maltiply"", ""multiplai"", ""multypli"", ""multyply"", ""festo"", ""phesto"", ""pesto"", ""fistoo"", ""mir"", ""b slash b"", ""b/b"", ""bb"", ""30 mm"", ""30mm"", ""thirty mm"", ""8x4"", ""8 x 4"", ""plye""]"
Multiply Plywood Festo BWR Plywood 6mm - 8x4,Multiply,Festo,8x4,6mm,BWR,1344.00,sheet,42.00,sheet,"[""maltiply"", ""multiplai"", ""multypli"", ""multyply"", ""festo"", ""phesto"", ""pesto"", ""fistoo"", ""bwr"", ""brw"", ""bwrh"", ""6 mm"", ""6mm"", ""six mm"", ""8x4"", ""8 x 4"", ""plye""]"
Multiply Plywood Festo BWR Plywood 9mm - 8x4,Multiply,Festo,8x4,9mm,BWR,1728.00,sheet,54.00,sheet,"[""maltiply"", ""multiplai"", ""multypli"", ""multyply"", ""festo"", ""phesto"", ""pesto"", ""fistoo"", ""bwr"", ""brw"", ""bwrh"", ""9 mm"", ""9mm"", ""nine mm"", ""8x4"", ""8 x 4"", ""plye""]"
Multiply Plywood Festo BWR Plywood 12mm - 8x4,Multiply,Festo,8x4,12mm,BWR,1856.00,sheet,58.00,sheet,"[""maltiply"", ""multiplai"", ""multypli"", ""multyply"", ""festo"", ""phesto"", ""pesto"", ""fistoo"", ""bwr"", ""brw"", ""bwrh"", ""12 mm"", ""12mm"", ""twelve mm"", ""8x4"", ""8 x 4"", ""plye""]"
Multiply Plywood Festo BWR Plywood 16mm - 8x4,Multiply,Festo,8x4,16mm,BWR,2272.00,sheet,71.00,sheet,"[""maltiply"", ""multiplai"", ""multypli"", ""multyply"", ""festo"", ""phesto"", ""pesto"", ""fistoo"", ""bwr"", ""brw"", ""bwrh"", ""16 mm"", ""16mm"", ""sixteen mm"", ""8x4"", ""8 x 4"", ""plye""]"
Multiply Plywood Festo BWR Plywood 19mm - 8x4,Multiply,Festo,8x4,19mm,BWR,2432.00,sheet,76.00,sheet,"[""maltiply"", ""multiplai"", ""multypli"", ""multyply"", ""festo"", ""phesto"", ""pesto"", ""fistoo"", ""bwr"", ""brw"", ""bwrh"", ""19 mm"", ""19mm"", ""ninteen mm"", ""8x4"", ""8 x 4"", ""plye""]"
Multiply Plywood Neem MR Plywood 6mm - 7x4,Multiply,Neem,7x4,6mm,MR,840.00,sheet,30.00,sheet,"[""maltiply"", ""multiplai"", ""multypli"", ""multyply"", ""neem"", ""neam"", ""neim"", ""mir"", ""amar"", ""emaar"", ""6 mm"", ""6mm"", ""six mm"", ""7x4"", ""7 x 4"", ""7by4"", ""7feet4feet"", ""7by 4""]"
Multiply Plywood Neem MR Plywood 9mm - 7x4,Multiply,Neem,7x4,9mm,MR,1064.00,sheet,38.00,sheet,"[""maltiply"", ""multiplai"", ""multypli"", ""multyply"", ""neem"", ""neam"", ""neim"", ""mir"", ""amar"", ""emaar"", ""9 mm"", ""9mm"", ""nine mm"", ""7x4"", ""7 x 4"", ""plyy"", ""7feet4feet"", ""7by 4""]"
Multiply Plywood Neem MR Plywood 12mm - 7x4,Multiply,Neem,7x4,12mm,MR,1176.00,sheet,42.00,sheet,"[""maltiply"", ""multiplai"", ""multypli"", ""multyply"", ""neem"", ""neam"", ""neim"", ""mir"", ""amar"", ""emaar"", ""12 mm"", ""12mm"", ""twelve mm"", ""7x4"", ""7 x 4"", ""plye"", ""7feet4feet"", ""7by 4""]"
Multiply Plywood Neem MR Plywood 16mm - 7x4,Multiply,Neem,7x4,16mm,MR,1372.00,sheet,49.00,sheet,"[""maltiply"", ""multiplai"", ""multypli"", ""multyply"", ""neem"", ""neam"", ""neim"", ""mir"", ""amar"", ""emaar"", ""16 mm"", ""16mm"", ""sixteen mm"", ""7x4"", ""7 x 4"", ""plye"", ""7feet4feet"", ""7by 4""]"
Multiply Plywood Neem MR Plywood 19mm - 7x4,Multiply,Neem,7x4,19mm,MR,1400.00,sheet,50.00,sheet,"[""maltiply"", ""multiplai"", ""multypli"", ""multyply"", ""neem"", ""neam"", ""neim"", ""mir"", ""amar"", ""emaar"", ""19 mm"", ""19mm"", ""ninteen mm"", ""7x4"", ""7 x 4"", ""plye"", ""7feet4feet"", ""7by 4""]"
Multiply Plywood Okuma Face - A/B MR Plywood 6mm - 7x4,Multiply,Okuma Face - A/B,7x4,6mm,MR,980.00,sheet,35.00,sheet,"[""maltiply"", ""multiplai"", ""multypli"", ""multyply"", ""okooma"", ""oakuma"", ""okumma"", ""faes"", ""fass"", ""facee"", ""mir"", ""amar"", ""emaar"", ""6 mm"", ""6mm"", ""six mm"", ""7x4"", ""7 x 4"", ""plye""]"
Multiply Plywood Okuma Face - A/B MR Plywood 9mm - 7x4,Multiply,Okuma Face - A/B,7x4,9mm,MR,1176.00,sheet,42.00,sheet,"[""maltiply"", ""multiplai"", ""multypli"", ""multyply"", ""okooma"", ""oakuma"", ""okumma"", ""faes"", ""fass"", ""facee"", ""mir"", ""amar"", ""emaar"", ""9 mm"", ""9mm"", ""nine mm"", ""7x4"", ""7 x 4"", ""plyy""]"
Multiply Plywood Okuma Face - A/B MR Plywood 12mm - 7x4,Multiply,Okuma Face - A/B,7x4,12mm,MR,1260.00,sheet,45.00,sheet,"[""maltiply"", ""multiplai"", ""multypli"", ""multyply"", ""okooma"", ""oakuma"", ""okumma"", ""faes"", ""fass"", ""facee"", ""mir"", ""amar"", ""emaar"", ""12 mm"", ""12mm"", ""twelve mm"", ""7x4"", ""7 x 4"", ""plye""]"
Multiply Plywood Okuma Face - A/B MR Plywood 16mm - 7x4,Multiply,Okuma Face - A/B,7x4,16mm,MR,1540.00,sheet,55.00,sheet,"[""maltiply"", ""multiplai"", ""multypli"", ""multyply"", ""okooma"", ""oakuma"", ""okumma"", ""faes"", ""fass"", ""facee"", ""mir"", ""amar"", ""emaar"", ""16 mm"", ""16mm"", ""sixteen mm"", ""7x4"", ""7 x 4"", ""plye""]"
Multiply Plywood Okuma Face - A/B MR Plywood 19mm - 7x4,Multiply,Okuma Face - A/B,7x4,19mm,MR,1568.00,sheet,56.00,sheet,"[""maltiply"", ""multiplai"", ""multypli"", ""multyply"", ""okooma"", ""oakuma"", ""okumma"", ""faes"", ""fass"", ""facee"", ""mir"", ""amar"", ""emaar"", ""19 mm"", ""19mm"", ""ninteen mm"", ""7x4"", ""7 x 4"", ""plye""]"
Multiply Plywood Gurjan Alternate MR Plywood 6mm - 7x4,Multiply,Gurjan Alternate,7x4,6mm,MR,1064.00,sheet,38.00,sheet,"[""maltiply"", ""multiplai"", ""multypli"", ""multyply"", ""gurrjan"", ""gurjunn"", ""gorzan"", ""altarnet"", ""altranate"", ""mir"", ""amar"", ""emaar"", ""6 mm"", ""6mm"", ""six mm"", ""7x4"", ""7 x 4"", ""plye""]"
Multiply Plywood Gurjan Alternate MR Plywood 9mm - 7x4,Multiply,Gurjan Alternate,7x4,9mm,MR,1288.00,sheet,46.00,sheet,"[""maltiply"", ""multiplai"", ""multypli"", ""multyply"", ""gurrjan"", ""gurjunn"", ""gorzan"", ""altarnet"", ""altranate"", ""mir"", ""amar"", ""emaar"", ""9 mm"", ""9mm"", ""nine mm"", ""7x4"", ""7 x 4"", ""plyy""]"
Multiply Plywood Gurjan Alternate MR Plywood 12mm - 7x4,Multiply,Gurjan Alternate,7x4,12mm,MR,1344.00,sheet,48.00,sheet,"[""maltiply"", ""multiplai"", ""multypli"", ""multyply"", ""gurrjan"", ""gurjunn"", ""gorzan"", ""altarnet"", ""altranate"", ""mir"", ""amar"", ""emaar"", ""12 mm"", ""12mm"", ""twelve mm"", ""7x4"", ""7 x 4"", ""plye""]"
Multiply Plywood Gurjan Alternate MR Plywood 16mm - 7x4,Multiply,Gurjan Alternate,7x4,16mm,MR,1680.00,sheet,60.00,sheet,"[""maltiply"", ""multiplai"", ""multypli"", ""multyply"", ""gurrjan"", ""gurjunn"", ""gorzan"", ""altarnet"", ""altranate"", ""mir"", ""amar"", ""emaar"", ""16 mm"", ""16mm"", ""sixteen mm"", ""7x4"", ""7 x 4"", ""plye""]"
Multiply Plywood Gurjan Alternate MR Plywood 19mm - 7x4,Multiply,Gurjan Alternate,7x4,19mm,MR,1736.00,sheet,62.00,sheet,"[""maltiply"", ""multiplai"", ""multypli"", ""multyply"", ""gurrjan"", ""gurjunn"", ""gorzan"", ""altarnet"", ""altranate"", ""mir"", ""amar"", ""emaar"", ""19 mm"", ""19mm"", ""ninteen mm"", ""7x4"", ""7 x 4"", ""plye""]"
Multiply Plywood Gurjan Alternate MR Plywood 19mm (B/B) - 7x4,Multiply,Gurjan Alternate,7x4,19mm (B/B),MR,1932.00,sheet,69.00,sheet,"[""maltiply"", ""multiplai"", ""multypli"", ""multyply"", ""gurrjan"", ""gurjunn"", ""gorzan"", ""altarnet"", ""altranate"", ""mir"", ""b slash b"", ""b/b"", ""bb"", ""19 mm"", ""19mm"", ""7x4"", ""7 x 4"", ""plye""]"
Multiply Plywood Gurjan Alternate MR Plywood 25mm (B/B) - 7x4,Multiply,Gurjan Alternate,7x4,25mm (B/B),MR,2464.00,sheet,88.00,sheet,"[""maltiply"", ""multiplai"", ""multypli"", ""multyply"", ""gurrjan"", ""gurjunn"", ""gorzan"", ""altarnet"", ""altranate"", ""mir"", ""b slash b"", ""b/b"", ""bb"", ""25 mm"", ""25mm"", ""7x4"", ""7 x 4"", ""plye""]"
Multiply Plywood Gurjan Alternate BWP-710 Plywood 6mm - 7x4,Multiply,Gurjan Alternate,7x4,6mm,-BWP 710.00,1232.00,sheet,44.00,sheet,"[""maltiply"", ""multiplai"", ""multypli"", ""multyply"", ""gurrjan"", ""gurjunn"", ""gorzan"", ""altarnet"", ""altranate"", ""bwp"", ""bvp"", ""bwf"", ""710"", ""six mm"", ""6mm"", ""7x4"", ""7 x 4"", ""plye""]"
Multiply Plywood Gurjan Alternate BWP-710 Plywood 9mm - 7x4,Multiply,Gurjan Alternate,7x4,9mm,-BWP 710.00,1512.00,sheet,54.00,sheet,"[""maltiply"", ""multiplai"", ""multypli"", ""multyply"", ""gurrjan"", ""gurjunn"", ""gorzan"", ""altarnet"", ""altranate"", ""bwp"", ""bvp"", ""bwf"", ""710"", ""9 mm"", ""9mm"", ""7x4"", ""7 x 4"", ""plye""]"
Multiply Plywood Gurjan Alternate BWP-710 Plywood 12mm - 7x4,Multiply,Gurjan Alternate,7x4,12mm,-BWP 710.00,1680.00,sheet,60.00,sheet,"[""maltiply"", ""multiplai"", ""multypli"", ""multyply"", ""gurrjan"", ""gurjunn"", ""gorzan"", ""altarnet"", ""altranate"", ""bwp"", ""bvp"", ""bwf"", ""710"", ""12 mm"", ""12mm"", ""7x4"", ""7 x 4"", ""plye""]"
Multiply Plywood Gurjan Alternate BWP-710 Plywood 16mm - 7x4,Multiply,Gurjan Alternate,7x4,16mm,-BWP 710.00,2100.00,sheet,75.00,sheet,"[""maltiply"", ""multiplai"", ""multypli"", ""multyply"", ""gurrjan"", ""gurjunn"", ""gorzan"", ""altarnet"", ""altranate"", ""bwp"", ""bvp"", ""bwf"", ""710"", ""16 mm"", ""16mm"", ""7x4"", ""7 x 4"", ""plye"", ""plyb""]"
Multiply Plywood Gurjan Alternate BWP-710 Plywood 19mm - 7x4,Multiply,Gurjan Alternate,7x4,19mm,-BWP 710.00,2184.00,sheet,78.00,sheet,"[""maltiply"", ""multiplai"", ""multypli"", ""multyply"", ""gurrjan"", ""gurjunn"", ""gorzan"", ""altarnet"", ""altranate"", ""bwp"", ""bvp"", ""bwf"", ""710"", ""19 mm"", ""19mm"", ""7x4"", ""7 x 4"", ""plye"", ""plyb""]"
Multiply Plywood Silver Marine BWP-710 Plywood 6mm - 7x4,Multiply,Silver Marine,7x4,6mm,-BWP 710.00,1232.00,sheet,44.00,sheet,"[""maltiply"", ""multiplai"", ""multypli"", ""multyply"", ""silvar"", ""salver"", ""sylver"", ""mareen"", ""marin"", ""marinee"", ""bwp"", ""bvp"", ""bwf"", ""710"", ""6 mm"", ""6mm"", ""7x4"", ""7 x 4"", ""plye""]"
Multiply Plywood Silver Marine BWP-710 Plywood 9mm - 7x4,Multiply,Silver Marine,7x4,9mm,-BWP 710.00,1512.00,sheet,54.00,sheet,"[""maltiply"", ""multiplai"", ""multypli"", ""multyply"", ""silvar"", ""salver"", ""sylver"", ""mareen"", ""marin"", ""marinee"", ""bwp"", ""bvp"", ""bwf"", ""710"", ""9 mm"", ""9mm"", ""7x4"", ""7 x 4"", ""plyy""]"
Multiply Plywood Silver Marine BWP-710 Plywood 12mm - 7x4,Multiply,Silver Marine,7x4,12mm,-BWP 710.00,1624.00,sheet,58.00,sheet,"[""maltiply"", ""multiplai"", ""multypli"", ""multyply"", ""silvar"", ""salver"", ""sylver"", ""mareen"", ""marin"", ""marinee"", ""bwp"", ""bvp"", ""bwf"", ""710"", ""12 mm"", ""12mm"", ""7x4"", ""7 x 4"", ""plye""]"
Multiply Plywood Silver Marine BWP-710 Plywood 16mm - 7x4,Multiply,Silver Marine,7x4,16mm,-BWP 710.00,2100.00,sheet,75.00,sheet,"[""maltiply"", ""multiplai"", ""multypli"", ""multyply"", ""silvar"", ""salver"", ""sylver"", ""mareen"", ""marin"", ""marinee"", ""bwp"", ""bvp"", ""bwf"", ""710"", ""16 mm"", ""16mm"", ""7x4"", ""7 x 4"", ""plye""]"
Multiply Plywood Silver Marine BWP-710 Plywood 19mm - 7x4,Multiply,Silver Marine,7x4,19mm,-BWP 710.00,2184.00,sheet,78.00,sheet,"[""maltiply"", ""multiplai"", ""multypli"", ""multyply"", ""silvar"", ""salver"", ""sylver"", ""mareen"", ""marin"", ""marinee"", ""bwp"", ""bvp"", ""bwf"", ""710"", ""19 mm"", ""19mm"", ""7x4"", ""7 x 4"", ""plye""]"
Multiply Plywood Premium Gurjan MR Plywood 6mm - 7x4,Multiply,Premium Gurjan,7x4,6mm,MR,1036.00,sheet,37.00,sheet,"[""maltiply"", ""multiplai"", ""multypli"", ""multyply"", ""premeam"", ""primyam"", ""premiam"", ""gurrjan"", ""gurjunn"", ""gorzan"", ""mir"", ""amar"", ""emaar"", ""6 mm"", ""6mm"", ""7x4"", ""7 x 4"", ""plyy""]"
Multiply Plywood Premium Gurjan MR Plywood 9mm - 7x4,Multiply,Premium Gurjan,7x4,9mm,MR,1232.00,sheet,44.00,sheet,"[""maltiply"", ""multiplai"", ""multypli"", ""multyply"", ""premeam"", ""primyam"", ""premiam"", ""gurrjan"", ""gurjunn"", ""gorzan"", ""mir"", ""amar"", ""emaar"", ""9 mm"", ""9mm"", ""7x4"", ""7 x 4"", ""plyy""]"
Multiply Plywood Premium Gurjan MR Plywood 12mm - 7x4,Multiply,Premium Gurjan,7x4,12mm,MR,1288.00,sheet,46.00,sheet,"[""maltiply"", ""multiplai"", ""multypli"", ""multyply"", ""premeam"", ""primyam"", ""premiam"", ""gurrjan"", ""gurjunn"", ""gorzan"", ""mir"", ""amar"", ""emaar"", ""12 mm"", ""12mm"", ""7x4"", ""7 x 4"", ""plyy""]"
Multiply Plywood Premium Gurjan MR Plywood 16mm - 7x4,Multiply,Premium Gurjan,7x4,16mm,MR,1652.00,sheet,59.00,sheet,"[""maltiply"", ""multiplai"", ""multypli"", ""multyply"", ""premeam"", ""primyam"", ""premiam"", ""gurrjan"", ""gurjunn"", ""gorzan"", ""mir"", ""amar"", ""emaar"", ""16 mm"", ""16mm"", ""7x4"", ""7 x 4"", ""plyy""]"
Multiply Plywood Premium Gurjan MR Plywood 19mm - 7x4,Multiply,Premium Gurjan,7x4,19mm,MR,1680.00,sheet,60.00,sheet,"[""maltiply"", ""multiplai"", ""multypli"", ""multyply"", ""premeam"", ""primyam"", ""premiam"", ""gurrjan"", ""gurjunn"", ""gorzan"", ""mir"", ""amar"", ""emaar"", ""19 mm"", ""19mm"", ""7x4"", ""7 x 4"", ""plyy""]"
Multiply Plywood Festo MR Plywood 6mm - 7x4,Multiply,Festo,7x4,6mm,MR,1092.00,sheet,39.00,sheet,"[""maltiply"", ""multiplai"", ""multypli"", ""multyply"", ""festo"", ""fistoo"", ""festoo"", ""mir"", ""amar"", ""emaar"", ""6 mm"", ""6mm"", ""7x4"", ""7 x 4"", ""plyb"", ""plye"", ""missell""]"
Multiply Plywood Festo MR Plywood 9mm - 7x4,Multiply,Festo,7x4,9mm,MR,1372.00,sheet,49.00,sheet,"[""maltiply"", ""multiplai"", ""multypli"", ""multyply"", ""festo"", ""fistoo"", ""festoo"", ""mir"", ""amar"", ""emaar"", ""9 mm"", ""9mm"", ""7x4"", ""7 x 4"", ""plyb"", ""plye"", ""missell""]"
Multiply Plywood Festo MR Plywood 12mm - 7x4,Multiply,Festo,7x4,12mm,MR,1512.00,sheet,54.00,sheet,"[""maltiply"", ""multiplai"", ""multypli"", ""multyply"", ""festo"", ""fistoo"", ""festoo"", ""mir"", ""amar"", ""emaar"", ""12 mm"", ""12mm"", ""7x4"", ""7 x 4"", ""plyb"", ""plye"", ""missell""]"
Multiply Plywood Festo MR Plywood 16mm - 7x4,Multiply,Festo,7x4,16mm,MR,1848.00,sheet,66.00,sheet,"[""maltiply"", ""multiplai"", ""multypli"", ""multyply"", ""festo"", ""fistoo"", ""festoo"", ""mir"", ""amar"", ""emaar"", ""16 mm"", ""16mm"", ""7x4"", ""7 x 4"", ""plyb"", ""plye"", ""missell""]"
Multiply Plywood Festo MR Plywood 19mm - 7x4,Multiply,Festo,7x4,19mm,MR,1960.00,sheet,70.00,sheet,"[""maltiply"", ""multiplai"", ""multypli"", ""multyply"", ""festo"", ""fistoo"", ""festoo"", ""mir"", ""amar"", ""emaar"", ""19 mm"", ""19mm"", ""7x4"", ""7 x 4"", ""plyb"", ""plye"", ""missell""]"
Multiply Plywood Festo MR Plywood 19mm (B/B) - 7x4,Multiply,Festo,7x4,19mm (B/B),MR,1960.00,sheet,70.00,sheet,"[""maltiply"", ""multiplai"", ""multypli"", ""multyply"", ""festo"", ""fistoo"", ""festoo"", ""mir"", ""b slash b"", ""b/b"", ""bb"", ""19 mm"", ""19mm"", ""7x4"", ""7 x 4"", ""plyb"", ""plye""]"
Multiply Plywood Festo MR Plywood 25mm (B/B) - 7x4,Multiply,Festo,7x4,25mm (B/B),MR,2716.00,sheet,97.00,sheet,"[""maltiply"", ""multiplai"", ""multypli"", ""multyply"", ""festo"", ""fistoo"", ""festoo"", ""mir"", ""b slash b"", ""b/b"", ""bb"", ""25 mm"", ""25mm"", ""7x4"", ""7 x 4"", ""plyb"", ""plye""]"
Multiply Plywood Festo BWR Plywood 6mm - 7x4,Multiply,Festo,7x4,6mm,BWR,1176.00,sheet,42.00,sheet,"[""maltiply"", ""multiplai"", ""multypli"", ""multyply"", ""festo"", ""fistoo"", ""festoo"", ""bwr"", ""bvar"", ""bvaar"", ""6 mm"", ""6mm"", ""7x4"", ""7 x 4"", ""plyb"", ""plye""]"
Multiply Plywood Festo BWR Plywood 9mm - 7x4,Multiply,Festo,7x4,9mm,BWR,1512.00,sheet,54.00,sheet,"[""maltiply"", ""multiplai"", ""multypli"", ""multyply"", ""festo"", ""fistoo"", ""festoo"", ""bwr"", ""bvar"", ""bvaar"", ""9 mm"", ""9mm"", ""7x4"", ""7 x 4"", ""plyb"", ""plye"", ""missell"", ""festo bwr"", ""festto""]"
Multiply Plywood Festo BWR Plywood 12mm - 7x4,Multiply,Festo,7x4,12mm,BWR,1624.00,sheet,58.00,sheet,"[""maltiply"", ""multiplai"", ""multypli"", ""multyply"", ""festo"", ""fistoo"", ""festoo"", ""bwr"", ""bvar"", ""bvaar"", ""12 mm"", ""12mm"", ""7x4"", ""7 x 4"", ""plyb"", ""plye"", ""missell"", ""festoo bvr"", ""multifesto""]"
Multiply Plywood Festo BWR Plywood 16mm - 7x4,Multiply,Festo,7x4,16mm,BWR,1988.00,sheet,71.00,sheet,"[""maltiply"", ""multiplai"", ""multypli"", ""multyply"", ""festo"", ""fistoo"", ""festoo"", ""bwr"", ""bvar"", ""bvaar"", ""16 mm"", ""16mm"", ""7x4"", ""7 x 4"", ""plyb"", ""plye"", ""missell"", ""festoo"", ""festo bvar""]"
Multiply Plywood Festo BWR Plywood 19mm - 7x4,Multiply,Festo,7x4,19mm,BWR,2128.00,sheet,76.00,sheet,"[""maltiply"", ""multiplai"", ""multypli"", ""multyply"", ""festo"", ""fistoo"", ""festoo"", ""bwr"", ""bvar"", ""bvaar"", ""19 mm"", ""19mm"", ""7x4"", ""7 x 4"", ""plyb"", ""plye"", ""missell"", ""festo bwr"", ""plyvar""]"
Multiply Plywood Gurjan Alternate MR Plywood 19mm (B/B) - 7x3,Multiply,Gurjan Alternate,7x3,19mm (B/B),MR,1449.00,sheet,69.00,sheet,"[""maltiply"", ""multiplai"", ""multypli"", ""multyply"", ""gurrjan"", ""gurjunn"", ""gorzan"", ""altarnet"", ""altranate"", ""mir"", ""amar"", ""emaar"", ""19 mm"", ""b/b"", ""bb"", ""7x3"", ""7 x 3"", ""plyy"", ""plym"", ""b back""]"
Multiply Plywood Gurjan Alternate MR Plywood 25mm (B/B) - 7x3,Multiply,Gurjan Alternate,7x3,25mm (B/B),MR,1848.00,sheet,88.00,sheet,"[""maltiply"", ""multiplai"", ""multypli"", ""multyply"", ""gurrjan"", ""gurjunn"", ""gorzan"", ""altarnet"", ""altranate"", ""mir"", ""amar"", ""emaar"", ""25 mm"", ""b/b"", ""bb"", ""7x3"", ""7 x 3"", ""plyy"", ""plym"", ""plypak""]"
Multiply Plywood Festo MR Plywood 30mm (B/B) - 7x4,Multiply,Festo,7x4,30mm (B/B),MR,3416.00,sheet,122.00,sheet,"[""maltiply"", ""multiplai"", ""multypli"", ""multyply"", ""festo"", ""fistoo"", ""festoo"", ""mir"", ""amar"", ""emaar"", ""30 mm"", ""b/b"", ""bb"", ""7x4"", ""7 x 4"", ""plyb"", ""plye"", ""multyfest"", ""festoply""]"
Multiply Plywood Festo MR Plywood 19mm (B/B) - 7x3,Multiply,Festo,7x3,19mm (B/B),MR,1470.00,sheet,70.00,sheet,"[""maltiply"", ""multiplai"", ""multypli"", ""multyply"", ""festo"", ""fistoo"", ""festoo"", ""mir"", ""amar"", ""emaar"", ""19 mm"", ""b/b"", ""bb"", ""7x3"", ""7 x 3"", ""plyb"", ""plye"", ""multyfest"", ""festoply""]"
Multiply Plywood Festo MR Plywood 25mm (B/B) - 7x3,Multiply,Festo,7x3,25mm (B/B),MR,2037.00,sheet,97.00,sheet,"[""maltiply"", ""multiplai"", ""multypli"", ""multyply"", ""festo"", ""fistoo"", ""festoo"", ""mir"", ""amar"", ""emaar"", ""25 mm"", ""b/b"", ""bb"", ""7x3"", ""7 x 3"", ""plyb"", ""plye"", ""multyfest"", ""festoply""]"
Multiply Plywood Festo MR Plywood 30mm (B/B) - 7x3,Multiply,Festo,7x3,30mm (B/B),MR,2562.00,sheet,122.00,sheet,"[""maltiply"", ""multiplai"", ""multypli"", ""multyply"", ""festo"", ""fistoo"", ""festoo"", ""mir"", ""amar"", ""emaar"", ""30 mm"", ""b/b"", ""bb"", ""7x3"", ""7 x 3"", ""plyb"", ""plye"", ""multyfest"", ""festoply""]"